,,,,,,,,,,,,,,,,,,,,,,,
,,,,,,,,,,,,,,,,,,,,,,,
,,,,,,,,,,,,,,,,,,,,,,,
,,,,,,,,,,,,,,,,,,,,,,,
,,,,,,,,,,,,,,,,,,,,,,,
,,,,,,,,,,,,,,,,,,,,,,,
,,,,,,,,,,,,,,,,,,,,,,,
,,,,,,,,,,,,,,,,,,,,,,,
,,,,,,,,,,,,,,,,,,,,,,,
,,,,,,,,,,,,,,,,,,,,,,,
,,,,,,,,,,,,,,,,,,,,,,,
,,,,,,,,,,,,,,,,,,,,,,,
,,,,,,,,,,,,,,,,,,,,,,,
,,,,,,,,,,,,,,,,,,,,,,,
,,,,,,,,,,,,,,,,,,,,,,,
,,,,,,,,,,,,,,,,,,,,,,,
,,,,,,,,,,,,,,,,,,,,,,,
,,,,,,,,,,,,,,,,,,,,,,,
,,,,,,,,,,,,,,,,,,,,,,,
,,,,,,,,,,,,,,,,,,,,,,,
,,,,,,,,,,,,,,,,,,,,,,,
,,,,,,,,,,,,,,,,,,,,,,,
,,,,,,,,,,,,,,,,,,,,,,,
,,,,,,,,,,,,,,,,,,,,,,,
,,,,,,,,,,,,,,,,,,,,,,,
,,,,,,,,,,,,,,,,,,,,,,,
,Ag,,,,,,,,Au,,,,,,,,Al,,,,,,
,,,,,,,,,,,,,,,,,,,,,,,
,,%R(ave),%R(ave),%R(ave),%R(ave),%R(ave),%R(ave),,,%R(ave),%R(ave),%R(ave),%R(ave),%R(ave),%R(ave),,,%R(ave),%R(ave),%R(ave),%R(ave),%R(ave),%R(ave)
,970-1310nm,99.422,99.426,99.418,99.450,99.471,99.429,,970-1310nm,99.093,99.114,99.073,99.120,99.244,98.996,,970-1310nm,99.085,99.294,98.875,98.996,99.195,98.797
,WL(nm),10deg r-pol,10deg s-pol,10deg p-pol,25deg r-pol,25deg s-pol,25deg p-pol,,WL(nm),10deg r-pol,10deg s-pol,10deg p-pol,25deg r-pol,25deg s-pol,25deg p-pol,,WL(nm),10deg r-pol,10deg s-pol,10deg p-pol,25deg r-pol,25deg s-pol,25deg p-pol
,900,99.3789,99.3839,99.3739,99.3907,99.4206,99.3609,,900,98.6485,98.6795,98.6175,98.728,98.9116,98.5445,,900,76.6045,87.7817,65.4274,76.6045,87.7817,65.4274
,901,99.3803,99.3852,99.3753,99.3919,99.4216,99.3622,,901,98.6568,98.6876,98.626,98.735,98.9176,98.5525,,901,79.0846,89.1448,69.0244,79.0846,89.1448,69.0244
,902,99.3816,99.3865,99.3766,99.393,99.4226,99.3635,,902,98.665,98.6957,98.6343,98.7419,98.9236,98.5603,,902,81.2942,90.3101,72.2783,81.2942,90.3101,72.2783
,903,99.3829,99.3878,99.378,99.3942,99.4236,99.3647,,903,98.6731,98.7036,98.6426,98.7487,98.9294,98.5681,,903,83.2485,91.3112,75.1858,83.2485,91.3112,75.1858
,904,99.3842,99.3891,99.3793,99.3953,99.4245,99.366,,904,98.681,98.7114,98.6507,98.7555,98.9352,98.5757,,904,84.969,92.1751,77.7629,84.969,92.1751,77.7629
,905,99.3855,99.3904,99.3806,99.3964,99.4255,99.3673,,905,98.6889,98.7191,98.6588,98.7621,98.9409,98.5833,,905,86.48,92.9243,80.0357,86.48,92.9243,80.0357
,906,99.3868,99.3916,99.3819,99.3975,99.4264,99.3685,,906,98.6967,98.7266,98.6667,98.7687,98.9466,98.5908,,906,87.8059,93.5769,82.0349,87.8059,93.5769,82.0349
,907,99.388,99.3929,99.3832,99.3985,99.4273,99.3697,,907,98.7043,98.7341,98.6745,98.7752,98.9522,98.5982,,907,88.9698,94.148,83.7916,88.9698,94.148,83.7916
,908,99.3893,99.3941,99.3845,99.3996,99.4283,99.3709,,908,98.7119,98.7415,98.6823,98.7816,98.9577,98.6055,,908,89.9927,94.6498,85.3355,89.9927,94.6498,85.3355
,909,99.3905,99.3953,99.3857,99.4006,99.4292,99.3721,,909,98.7194,98.7488,98.6899,98.7879,98.9631,98.6127,,909,90.8933,95.0927,86.6938,90.8933,95.0927,86.6938
,910,99.3917,99.3964,99.387,99.4017,99.4301,99.3733,,910,98.7268,98.7561,98.6974,98.7941,98.9685,98.6198,,910,91.6879,95.4849,87.8909,91.6879,95.4849,87.8909
,911,99.3929,99.3976,99.3882,99.4027,99.4309,99.3744,,911,98.734,98.7632,98.7049,98.8003,98.9738,98.6268,,911,92.3909,95.8337,88.9481,92.3909,95.8337,88.9481
,912,99.3941,99.3988,99.3894,99.4037,99.4318,99.3756,,912,98.7412,98.7702,98.7122,98.8064,98.979,98.6337,,912,93.0144,96.1449,89.8839,93.0144,96.1449,89.8839
,913,99.3953,99.3999,99.3906,99.4047,99.4327,99.3767,,913,98.7483,98.7771,98.7195,98.8124,98.9842,98.6406,,913,93.569,96.4236,90.7145,93.569,96.4236,90.7145
,914,99.3964,99.401,99.3918,99.4057,99.4335,99.3778,,914,98.7553,98.784,98.7266,98.8183,98.9893,98.6474,,914,94.0637,96.6738,91.4536,94.0637,96.6738,91.4536
,915,99.3975,99.4021,99.3929,99.4067,99.4344,99.379,,915,98.7622,98.7907,98.7337,98.8242,98.9943,98.6541,,915,94.5062,96.8993,92.113,94.5062,96.8993,92.113
,916,99.3987,99.4032,99.3941,99.4076,99.4352,99.38,,916,98.769,98.7974,98.7407,98.83,98.9993,98.6607,,916,94.903,97.103,92.7031,94.903,97.103,92.7031
,917,99.3998,99.4043,99.3952,99.4086,99.436,99.3811,,917,98.7758,98.804,98.7476,98.8357,99.0042,98.6672,,917,95.26,97.2875,93.2325,95.26,97.2875,93.2325
,918,99.4009,99.4054,99.3963,99.4095,99.4368,99.3822,,918,98.7824,98.8105,98.7544,98.8414,99.0091,98.6736,,918,95.5819,97.4551,93.7086,95.5819,97.4551,93.7086
,919,99.4019,99.4065,99.3974,99.4104,99.4376,99.3833,,919,98.789,98.8169,98.7611,98.8469,99.0139,98.68,,919,95.8729,97.6078,94.1381,95.8729,97.6078,94.1381
,920,99.403,99.4075,99.3985,99.4114,99.4384,99.3843,,920,98.7955,98.8233,98.7677,98.8525,99.0186,98.6863,,920,96.1367,97.7471,94.5263,96.1367,97.7471,94.5263
,921,99.4041,99.4085,99.3996,99.4123,99.4392,99.3853,,921,98.8019,98.8295,98.7743,98.8579,99.0233,98.6925,,921,96.3764,97.8746,94.8782,96.3764,97.8746,94.8782
,922,99.4051,99.4096,99.4007,99.4132,99.44,99.3864,,922,98.8082,98.8357,98.7807,98.8633,99.0279,98.6987,,922,96.5947,97.9915,95.1979,96.5947,97.9915,95.1979
,923,99.4061,99.4106,99.4017,99.414,99.4407,99.3874,,923,98.8145,98.8418,98.7871,98.8686,99.0325,98.7047,,923,96.7939,98.0988,95.489,96.7939,98.0988,95.489
,924,99.4072,99.4116,99.4028,99.4149,99.4415,99.3884,,924,98.8207,98.8479,98.7934,98.8739,99.037,98.7108,,924,96.9762,98.1976,95.7547,96.9762,98.1976,95.7547
,925,99.4082,99.4125,99.4038,99.4158,99.4422,99.3894,,925,98.8267,98.8538,98.7997,98.879,99.0414,98.7167,,925,97.1432,98.2888,95.9976,97.1432,98.2888,95.9976
,926,99.4092,99.4135,99.4048,99.4166,99.443,99.3903,,926,98.8328,98.8597,98.8058,98.8842,99.0458,98.7225,,926,97.2966,98.373,96.2202,97.2966,98.373,96.2202
,927,99.4101,99.4145,99.4058,99.4175,99.4437,99.3913,,927,98.8387,98.8655,98.8119,98.8892,99.0502,98.7283,,927,97.4378,98.4509,96.4246,97.4378,98.4509,96.4246
,928,99.4111,99.4154,99.4068,99.4183,99.4444,99.3923,,928,98.8446,98.8713,98.8179,98.8943,99.0544,98.7341,,928,97.5679,98.5231,96.6127,97.5679,98.5231,96.6127
,929,99.4121,99.4164,99.4078,99.4192,99.4451,99.3932,,929,98.8504,98.8769,98.8239,98.8992,99.0587,98.7397,,929,97.6881,98.5901,96.786,97.6881,98.5901,96.786
,930,99.413,99.4173,99.4088,99.42,99.4458,99.3941,,930,98.8561,98.8825,98.8297,98.9041,99.0629,98.7453,,930,97.7992,98.6525,96.946,97.7992,98.6525,96.946
,931,99.414,99.4182,99.4097,99.4208,99.4465,99.395,,931,98.8618,98.8881,98.8355,98.9089,99.067,98.7508,,931,97.9022,98.7105,97.0939,97.9022,98.7105,97.0939
,932,99.4149,99.4191,99.4107,99.4216,99.4472,99.396,,932,98.8674,98.8935,98.8412,98.9137,99.0711,98.7563,,932,97.9978,98.7646,97.2309,97.9978,98.7646,97.2309
,933,99.4158,99.42,99.4116,99.4224,99.4479,99.3969,,933,98.8729,98.8989,98.8469,98.9184,99.0752,98.7617,,933,98.0866,98.8151,97.3581,98.0866,98.8151,97.3581
,934,99.4167,99.4209,99.4125,99.4232,99.4486,99.3978,,934,98.8784,98.9043,98.8525,98.9231,99.0791,98.767,,934,98.1693,98.8624,97.4762,98.1693,98.8624,97.4762
,935,99.4176,99.4218,99.4134,99.4239,99.4492,99.3986,,935,98.8838,98.9095,98.858,98.9277,99.0831,98.7723,,935,98.2463,98.9066,97.586,98.2463,98.9066,97.586
,936,99.4185,99.4226,99.4143,99.4247,99.4499,99.3995,,936,98.8891,98.9147,98.8634,98.9322,99.087,98.7775,,936,98.3182,98.948,97.6884,98.3182,98.948,97.6884
,937,99.4194,99.4235,99.4152,99.4254,99.4505,99.4004,,937,98.8943,98.9199,98.8688,98.9367,99.0908,98.7827,,937,98.3854,98.9868,97.7839,98.3854,98.9868,97.7839
,938,99.4202,99.4243,99.4161,99.4262,99.4512,99.4012,,938,98.8996,98.925,98.8741,98.9412,99.0947,98.7877,,938,98.4482,99.0233,97.8731,98.4482,99.0233,97.8731
,939,99.4211,99.4252,99.417,99.4269,99.4518,99.4021,,939,98.9047,98.93,98.8794,98.9456,99.0984,98.7928,,939,98.5071,99.0576,97.9565,98.5071,99.0576,97.9565
,940,99.4219,99.426,99.4178,99.4277,99.4524,99.4029,,940,98.9098,98.935,98.8846,98.9499,99.1021,98.7978,,940,98.5622,99.0898,98.0346,98.5622,99.0898,98.0346
,941,99.4228,99.4268,99.4187,99.4284,99.453,99.4037,,941,98.9148,98.9399,98.8897,98.9542,99.1058,98.8027,,941,98.614,99.1202,98.1078,98.614,99.1202,98.1078
,942,99.4236,99.4276,99.4195,99.4291,99.4537,99.4045,,942,98.9198,98.9447,98.8948,98.9585,99.1095,98.8076,,942,98.6627,99.1489,98.1765,98.6627,99.1489,98.1765
,943,99.4244,99.4284,99.4204,99.4298,99.4543,99.4053,,943,98.9247,98.9495,98.8998,98.9627,99.1131,98.8124,,943,98.7085,99.1759,98.241,98.7085,99.1759,98.241
,944,99.4252,99.4292,99.4212,99.4305,99.4549,99.4061,,944,98.9295,98.9543,98.9048,98.9669,99.1166,98.8171,,944,98.7516,99.2014,98.3017,98.7516,99.2014,98.3017
,945,99.426,99.43,99.422,99.4312,99.4555,99.4069,,945,98.9343,98.9589,98.9097,98.971,99.1201,98.8218,,945,98.7922,99.2255,98.3588,98.7922,99.2255,98.3588
,946,99.4268,99.4308,99.4228,99.4319,99.456,99.4077,,946,98.9391,98.9636,98.9145,98.975,99.1236,98.8265,,946,98.8305,99.2483,98.4126,98.8305,99.2483,98.4126
,947,99.4276,99.4315,99.4236,99.4326,99.4566,99.4085,,947,98.9437,98.9682,98.9193,98.9791,99.127,98.8311,,947,98.8666,99.2699,98.4633,98.8666,99.2699,98.4633
,948,99.4283,99.4323,99.4244,99.4332,99.4572,99.4093,,948,98.9484,98.9727,98.9241,98.983,99.1304,98.8357,,948,98.9008,99.2903,98.5112,98.9008,99.2903,98.5112
,949,99.4291,99.433,99.4252,99.4339,99.4578,99.41,,949,98.9529,98.9771,98.9288,98.987,99.1338,98.8402,,949,98.933,99.3097,98.5564,98.933,99.3097,98.5564
,950,99.4299,99.4338,99.426,99.4346,99.4583,99.4108,,950,98.9575,98.9816,98.9334,98.9909,99.1371,98.8446,,950,98.9636,99.328,98.5991,98.9636,99.328,98.5991
,951,99.4306,99.4345,99.4267,99.4352,99.4589,99.4115,,951,98.9619,98.9859,98.938,98.9947,99.1404,98.849,,951,98.989,99.3432,98.6348,98.989,99.3432,98.6348
,952,99.4313,99.4352,99.4275,99.4358,99.4594,99.4122,,952,98.9664,98.9902,98.9425,98.9985,99.1436,98.8534,,952,99.0132,99.3576,98.6687,99.0132,99.3576,98.6687
,953,99.4321,99.4359,99.4282,99.4365,99.46,99.413,,953,98.9707,98.9945,98.9469,99.0022,99.1468,98.8577,,953,99.036,99.3713,98.7007,99.036,99.3713,98.7007
,954,99.4328,99.4366,99.429,99.4371,99.4605,99.4137,,954,98.9751,98.9987,98.9514,99.006,99.15,98.8619,,954,99.0577,99.3843,98.731,99.0577,99.3843,98.731
,955,99.4335,99.4373,99.4297,99.4377,99.4611,99.4144,,955,98.9793,99.0029,98.9557,99.0096,99.1531,98.8661,,955,99.0782,99.3966,98.7598,99.0782,99.3966,98.7598
,956,99.4342,99.438,99.4304,99.4383,99.4616,99.4151,,956,98.9835,99.007,98.9601,99.0133,99.1562,98.8703,,956,99.0977,99.4084,98.7871,99.0977,99.4084,98.7871
,957,99.4349,99.4387,99.4311,99.4389,99.4621,99.4158,,957,98.9877,99.0111,98.9643,99.0168,99.1593,98.8744,,957,99.1162,99.4195,98.813,99.1162,99.4195,98.813
,958,99.4356,99.4394,99.4318,99.4395,99.4626,99.4165,,958,98.9918,99.0151,98.9685,99.0204,99.1623,98.8785,,958,99.1338,99.4301,98.8376,99.1338,99.4301,98.8376
,959,99.4363,99.44,99.4325,99.4401,99.4631,99.4172,,959,98.9959,99.0191,98.9727,99.0239,99.1653,98.8825,,959,99.1505,99.4402,98.8609,99.1505,99.4402,98.8609
,960,99.437,99.4407,99.4332,99.4407,99.4636,99.4178,,960,99,99.0231,98.9768,99.0274,99.1683,98.8865,,960,99.1664,99.4497,98.883,99.1664,99.4497,98.883
,961,99.4376,99.4414,99.4339,99.4413,99.4641,99.4185,,961,99.0039,99.027,98.9809,99.0308,99.1712,98.8904,,961,99.1814,99.4588,98.9041,99.1814,99.4588,98.9041
,962,99.4383,99.442,99.4346,99.4419,99.4646,99.4192,,962,99.0079,99.0308,98.985,99.0342,99.1741,98.8943,,962,99.1958,99.4675,98.9241,99.1958,99.4675,98.9241
,963,99.439,99.4426,99.4353,99.4425,99.4651,99.4198,,963,99.0118,99.0346,98.989,99.0376,99.177,98.8982,,963,99.2094,99.4757,98.943,99.2094,99.4757,98.943
,964,99.4396,99.4433,99.4359,99.443,99.4656,99.4205,,964,99.0156,99.0384,98.9929,99.0409,99.1798,98.902,,964,99.2223,99.4835,98.9611,99.2223,99.4835,98.9611
,965,99.4402,99.4439,99.4366,99.4436,99.4661,99.4211,,965,99.0194,99.0421,98.9968,99.0442,99.1826,98.9057,,965,99.2346,99.491,98.9782,99.2346,99.491,98.9782
,966,99.4409,99.4445,99.4372,99.4441,99.4665,99.4217,,966,99.0232,99.0458,99.0007,99.0474,99.1853,98.9095,,966,99.2463,99.498,98.9946,99.2463,99.498,98.9946
,967,99.4415,99.4451,99.4379,99.4447,99.467,99.4224,,967,99.0269,99.0494,99.0045,99.0506,99.1881,98.9131,,967,99.2574,99.5047,99.01,99.2574,99.5047,99.01
,968,99.4421,99.4457,99.4385,99.4452,99.4675,99.423,,968,99.0306,99.053,99.0082,99.0538,99.1908,98.9168,,968,99.2679,99.5111,99.0248,99.2679,99.5111,99.0248
,969,99.4427,99.4463,99.4391,99.4458,99.4679,99.4236,,969,99.0343,99.0566,99.012,99.0569,99.1935,98.9204,,969,99.278,99.5172,99.0388,99.278,99.5172,99.0388
,970,99.4433,99.4469,99.4398,99.4463,99.4684,99.4242,,970,99.0379,99.0601,99.0157,99.06,99.1961,98.924,,970,99.2875,99.5229,99.052,99.2875,99.5229,99.052
,971,99.4439,99.4475,99.4404,99.4468,99.4688,99.4248,,971,99.0414,99.0636,99.0193,99.0631,99.1987,98.9275,,971,99.2965,99.5284,99.0647,99.2965,99.5284,99.0647
,972,99.4445,99.4481,99.441,99.4473,99.4693,99.4254,,972,99.045,99.067,99.0229,99.0661,99.2013,98.931,,972,99.3051,99.5335,99.0766,99.3051,99.5335,99.0766
,973,99.4451,99.4487,99.4416,99.4478,99.4697,99.426,,973,99.0484,99.0704,99.0265,99.0691,99.2039,98.9344,,973,99.3132,99.5384,99.088,99.3132,99.5384,99.088
,974,99.4457,99.4492,99.4422,99.4484,99.4701,99.4266,,974,99.0519,99.0738,99.03,99.0721,99.2064,98.9378,,974,99.3209,99.543,99.0988,99.3209,99.543,99.0988
,975,99.4463,99.4498,99.4428,99.4489,99.4706,99.4271,,975,99.0553,99.0771,99.0335,99.0751,99.2089,98.9412,,975,99.3282,99.5474,99.109,99.3282,99.5474,99.109
,976,99.4468,99.4504,99.4433,99.4494,99.471,99.4277,,976,99.0587,99.0804,99.0369,99.078,99.2114,98.9446,,976,99.3351,99.5515,99.1187,99.3351,99.5515,99.1187
,977,99.4474,99.4509,99.4439,99.4498,99.4714,99.4283,,977,99.062,99.0837,99.0404,99.0808,99.2138,98.9479,,977,99.3416,99.5554,99.1279,99.3416,99.5554,99.1279
,978,99.448,99.4514,99.4445,99.4503,99.4718,99.4288,,978,99.0653,99.0869,99.0437,99.0837,99.2162,98.9511,,978,99.3478,99.5591,99.1365,99.3478,99.5591,99.1365
,979,99.4485,99.452,99.4451,99.4508,99.4723,99.4294,,979,99.0686,99.0901,99.0471,99.0865,99.2186,98.9544,,979,99.3536,99.5625,99.1447,99.3536,99.5625,99.1447
,980,99.4491,99.4525,99.4456,99.4513,99.4727,99.4299,,980,99.0718,99.0932,99.0504,99.0893,99.221,98.9576,,980,99.3591,99.5657,99.1524,99.3591,99.5657,99.1524
,981,99.4496,99.453,99.4462,99.4518,99.4731,99.4305,,981,99.075,99.0963,99.0536,99.092,99.2233,98.9607,,981,99.3642,99.5687,99.1597,99.3642,99.5687,99.1597
,982,99.4501,99.4536,99.4467,99.4522,99.4735,99.431,,982,99.0781,99.0994,99.0569,99.0947,99.2256,98.9638,,982,99.3691,99.5715,99.1666,99.3691,99.5715,99.1666
,983,99.4507,99.4541,99.4473,99.4527,99.4738,99.4315,,983,99.0812,99.1024,99.06,99.0974,99.2279,98.9669,,983,99.3736,99.5741,99.173,99.3736,99.5741,99.173
,984,99.4512,99.4546,99.4478,99.4532,99.4742,99.4321,,984,99.0843,99.1054,99.0632,99.1001,99.2302,98.97,,984,99.3778,99.5766,99.179,99.3778,99.5766,99.179
,985,99.4517,99.4551,99.4483,99.4536,99.4746,99.4326,,985,99.0874,99.1084,99.0663,99.1027,99.2324,98.973,,985,99.3817,99.5788,99.1847,99.3817,99.5788,99.1847
,986,99.4522,99.4556,99.4489,99.4541,99.475,99.4331,,986,99.0904,99.1113,99.0694,99.1053,99.2346,98.976,,986,99.3854,99.5809,99.19,99.3854,99.5809,99.19
,987,99.4528,99.4561,99.4494,99.4545,99.4754,99.4336,,987,99.0933,99.1142,99.0724,99.1078,99.2368,98.9789,,987,99.3888,99.5827,99.1949,99.3888,99.5827,99.1949
,988,99.4533,99.4566,99.4499,99.455,99.4758,99.4342,,988,99.0963,99.1171,99.0754,99.1104,99.2389,98.9819,,988,99.3919,99.5844,99.1994,99.3919,99.5844,99.1994
,989,99.4538,99.4571,99.4504,99.4554,99.4762,99.4347,,989,99.0992,99.12,99.0784,99.1129,99.241,98.9847,,989,99.3948,99.586,99.2036,99.3948,99.586,99.2036
,990,99.4543,99.4576,99.451,99.4559,99.4766,99.4352,,990,99.1021,99.1228,99.0814,99.1154,99.2432,98.9876,,990,99.3974,99.5873,99.2074,99.3974,99.5873,99.2074
,991,99.4548,99.4581,99.4515,99.4563,99.4769,99.4357,,991,99.1049,99.1256,99.0843,99.1178,99.2452,98.9904,,991,99.3998,99.5885,99.211,99.3998,99.5885,99.211
,992,99.4553,99.4586,99.452,99.4567,99.4773,99.4362,,992,99.1077,99.1283,99.0872,99.1203,99.2473,98.9932,,992,99.4019,99.5896,99.2142,99.4019,99.5896,99.2142
,993,99.4558,99.4591,99.4525,99.4572,99.4777,99.4367,,993,99.1105,99.131,99.09,99.1227,99.2493,98.996,,993,99.4038,99.5905,99.2171,99.4038,99.5905,99.2171
,994,99.4563,99.4596,99.453,99.4576,99.478,99.4372,,994,99.1133,99.1337,99.0929,99.125,99.2513,98.9987,,994,99.4054,99.5912,99.2197,99.4054,99.5912,99.2197
,995,99.4567,99.46,99.4535,99.458,99.4784,99.4377,,995,99.116,99.1364,99.0957,99.1274,99.2533,99.0014,,995,99.4069,99.5918,99.2219,99.4069,99.5918,99.2219
,996,99.4572,99.4605,99.454,99.4584,99.4787,99.4381,,996,99.1187,99.139,99.0984,99.1297,99.2553,99.0041,,996,99.4081,99.5922,99.2239,99.4081,99.5922,99.2239
,997,99.4577,99.4609,99.4544,99.4589,99.4791,99.4386,,997,99.1214,99.1416,99.1012,99.132,99.2573,99.0068,,997,99.4091,99.5925,99.2256,99.4091,99.5925,99.2256
,998,99.4582,99.4614,99.4549,99.4593,99.4794,99.4391,,998,99.124,99.1442,99.1039,99.1343,99.2592,99.0094,,998,99.4098,99.5926,99.227,99.4098,99.5926,99.227
,999,99.4586,99.4618,99.4554,99.4597,99.4798,99.4395,,999,99.1266,99.1467,99.1065,99.1365,99.2611,99.012,,999,99.4104,99.5926,99.2282,99.4104,99.5926,99.2282
,1000,99.4591,99.4623,99.4559,99.4601,99.4801,99.44,,1000,99.1292,99.1493,99.1092,99.1388,99.263,99.0145,,1000,99.4107,99.5925,99.229,99.4107,99.5925,99.229
,1001,99.4595,99.4627,99.4563,99.4605,99.4805,99.4405,,1001,99.13,99.1501,99.11,99.1393,99.2634,99.0151,,1001,99.4108,99.5921,99.2295,99.4108,99.5921,99.2295
,1002,99.46,99.4632,99.4568,99.4609,99.4808,99.4409,,1002,99.1309,99.1509,99.1109,99.1397,99.2638,99.0157,,1002,99.4107,99.5916,99.2298,99.4107,99.5916,99.2298
,1003,99.4604,99.4636,99.4572,99.4613,99.4811,99.4414,,1003,99.1316,99.1516,99.1117,99.1402,99.2642,99.0163,,1003,99.4103,99.591,99.2297,99.4103,99.591,99.2297
,1004,99.4609,99.464,99.4577,99.4616,99.4815,99.4418,,1004,99.1324,99.1524,99.1125,99.1407,99.2645,99.0168,,1004,99.4098,99.5902,99.2295,99.4098,99.5902,99.2295
,1005,99.4613,99.4645,99.4581,99.462,99.4818,99.4423,,1005,99.1332,99.1531,99.1132,99.1411,99.2649,99.0173,,1005,99.4091,99.5893,99.2289,99.4091,99.5893,99.2289
,1006,99.4617,99.4649,99.4586,99.4624,99.4821,99.4427,,1006,99.1339,99.1538,99.114,99.1415,99.2653,99.0178,,1006,99.4082,99.5882,99.2281,99.4082,99.5882,99.2281
,1007,99.4622,99.4653,99.459,99.4628,99.4825,99.4431,,1007,99.1347,99.1546,99.1148,99.142,99.2656,99.0183,,1007,99.407,99.587,99.2271,99.407,99.587,99.2271
,1008,99.4626,99.4657,99.4595,99.4632,99.4828,99.4436,,1008,99.1354,99.1553,99.1155,99.1424,99.2659,99.0188,,1008,99.4057,99.5856,99.2258,99.4057,99.5856,99.2258
,1009,99.463,99.4661,99.4599,99.4635,99.4831,99.444,,1009,99.1361,99.1559,99.1162,99.1428,99.2662,99.0193,,1009,99.4042,99.5841,99.2242,99.4042,99.5841,99.2242
,1010,99.4634,99.4665,99.4603,99.4639,99.4834,99.4444,,1010,99.1368,99.1566,99.1169,99.1431,99.2665,99.0197,,1010,99.4025,99.5825,99.2224,99.4025,99.5825,99.2224
,1011,99.4638,99.467,99.4607,99.4643,99.4837,99.4448,,1011,99.1374,99.1573,99.1176,99.1435,99.2668,99.0202,,1011,99.4006,99.5807,99.2204,99.4006,99.5807,99.2204
,1012,99.4643,99.4674,99.4612,99.4646,99.484,99.4453,,1012,99.1381,99.1579,99.1183,99.1438,99.2671,99.0206,,1012,99.3984,99.5788,99.2181,99.3984,99.5788,99.2181
,1013,99.4647,99.4677,99.4616,99.465,99.4843,99.4457,,1013,99.1387,99.1585,99.119,99.1442,99.2674,99.021,,1013,99.3961,99.5768,99.2155,99.3961,99.5768,99.2155
,1014,99.4651,99.4681,99.462,99.4653,99.4846,99.4461,,1014,99.1394,99.1591,99.1196,99.1445,99.2677,99.0214,,1014,99.3936,99.5746,99.2127,99.3936,99.5746,99.2127
,1015,99.4655,99.4685,99.4624,99.4657,99.4849,99.4465,,1015,99.14,99.1597,99.1202,99.1448,99.2679,99.0218,,1015,99.391,99.5722,99.2097,99.391,99.5722,99.2097
,1016,99.4658,99.4689,99.4628,99.466,99.4852,99.4469,,1016,99.1406,99.1603,99.1209,99.1451,99.2681,99.0221,,1016,99.3881,99.5697,99.2064,99.3881,99.5697,99.2064
,1017,99.4662,99.4693,99.4632,99.4664,99.4855,99.4473,,1017,99.1412,99.1609,99.1215,99.1454,99.2684,99.0225,,1017,99.385,99.5671,99.2029,99.385,99.5671,99.2029
,1018,99.4666,99.4697,99.4636,99.4667,99.4858,99.4477,,1018,99.1418,99.1615,99.122,99.1457,99.2686,99.0228,,1018,99.3817,99.5643,99.1991,99.3817,99.5643,99.1991
,1019,99.467,99.47,99.464,99.4671,99.4861,99.448,,1019,99.1423,99.162,99.1226,99.146,99.2688,99.0232,,1019,99.3782,99.5613,99.1951,99.3782,99.5613,99.1951
,1020,99.4674,99.4704,99.4644,99.4674,99.4864,99.4484,,1020,99.1429,99.1625,99.1232,99.1462,99.269,99.0235,,1020,99.3745,99.5582,99.1908,99.3745,99.5582,99.1908
,1021,99.4678,99.4708,99.4647,99.4677,99.4866,99.4488,,1021,99.1434,99.1631,99.1237,99.1465,99.2692,99.0238,,1021,99.3706,99.5549,99.1863,99.3706,99.5549,99.1863
,1022,99.4681,99.4711,99.4651,99.468,99.4869,99.4492,,1022,99.1439,99.1636,99.1243,99.1467,99.2694,99.0241,,1022,99.3665,99.5515,99.1816,99.3665,99.5515,99.1816
,1023,99.4685,99.4715,99.4655,99.4684,99.4872,99.4496,,1023,99.1444,99.1641,99.1248,99.1469,99.2695,99.0243,,1023,99.3622,99.5479,99.1766,99.3622,99.5479,99.1766
,1024,99.4689,99.4718,99.4659,99.4687,99.4875,99.4499,,1024,99.1449,99.1645,99.1253,99.1471,99.2697,99.0246,,1024,99.3577,99.5442,99.1713,99.3577,99.5442,99.1713
,1025,99.4692,99.4722,99.4662,99.469,99.4877,99.4503,,1025,99.1454,99.165,99.1258,99.1473,99.2698,99.0248,,1025,99.353,99.5403,99.1658,99.353,99.5403,99.1658
,1026,99.4696,99.4725,99.4666,99.4693,99.488,99.4507,,1026,99.1459,99.1655,99.1263,99.1475,99.27,99.0251,,1026,99.3481,99.5362,99.16,99.3481,99.5362,99.16
,1027,99.4699,99.4729,99.467,99.4696,99.4883,99.451,,1027,99.1463,99.1659,99.1268,99.1477,99.2701,99.0253,,1027,99.343,99.5319,99.154,99.343,99.5319,99.154
,1028,99.4703,99.4732,99.4673,99.4699,99.4885,99.4514,,1028,99.1468,99.1663,99.1272,99.1479,99.2702,99.0255,,1028,99.3376,99.5275,99.1477,99.3376,99.5275,99.1477
,1029,99.4706,99.4736,99.4677,99.4702,99.4888,99.4517,,1029,99.1472,99.1667,99.1277,99.148,99.2703,99.0257,,1029,99.3321,99.5229,99.1412,99.3321,99.5229,99.1412
,1030,99.471,99.4739,99.468,99.4706,99.489,99.4521,,1030,99.1476,99.1672,99.1281,99.1482,99.2704,99.0259,,1030,99.3263,99.5181,99.1344,99.3263,99.5181,99.1344
,1031,99.4713,99.4742,99.4684,99.4709,99.4893,99.4524,,1031,99.148,99.1675,99.1285,99.1483,99.2705,99.026,,1031,99.3203,99.5132,99.1274,99.3203,99.5132,99.1274
,1032,99.4716,99.4746,99.4687,99.4711,99.4895,99.4528,,1032,99.1484,99.1679,99.1289,99.1484,99.2706,99.0262,,1032,99.3141,99.508,99.1201,99.3141,99.508,99.1201
,1033,99.472,99.4749,99.4691,99.4714,99.4898,99.4531,,1033,99.1488,99.1683,99.1293,99.1485,99.2707,99.0264,,1033,99.3076,99.5027,99.1125,99.3076,99.5027,99.1125
,1034,99.4723,99.4752,99.4694,99.4717,99.49,99.4534,,1034,99.1492,99.1687,99.1297,99.1486,99.2707,99.0265,,1034,99.3009,99.4972,99.1047,99.3009,99.4972,99.1047
,1035,99.4726,99.4755,99.4697,99.472,99.4903,99.4538,,1035,99.1495,99.169,99.13,99.1487,99.2708,99.0266,,1035,99.294,99.4914,99.0966,99.294,99.4914,99.0966
,1036,99.473,99.4759,99.4701,99.4723,99.4905,99.4541,,1036,99.1499,99.1693,99.1304,99.1488,99.2708,99.0267,,1036,99.2869,99.4855,99.0882,99.2869,99.4855,99.0882
,1037,99.4733,99.4762,99.4704,99.4726,99.4908,99.4544,,1037,99.1502,99.1697,99.1307,99.1488,99.2708,99.0268,,1037,99.2795,99.4794,99.0796,99.2795,99.4794,99.0796
,1038,99.4736,99.4765,99.4707,99.4729,99.491,99.4547,,1038,99.1505,99.17,99.1311,99.1489,99.2709,99.0269,,1038,99.2719,99.4731,99.0707,99.2719,99.4731,99.0707
,1039,99.4739,99.4768,99.471,99.4731,99.4912,99.4551,,1039,99.1508,99.1703,99.1314,99.1489,99.2709,99.027,,1039,99.264,99.4665,99.0615,99.264,99.4665,99.0615
,1040,99.4742,99.4771,99.4714,99.4734,99.4915,99.4554,,1040,99.1511,99.1705,99.1317,99.149,99.2709,99.027,,1040,99.2559,99.4598,99.0521,99.2559,99.4598,99.0521
,1041,99.4745,99.4774,99.4717,99.4737,99.4917,99.4557,,1041,99.1514,99.1708,99.132,99.149,99.2709,99.0271,,1041,99.2476,99.4528,99.0424,99.2476,99.4528,99.0424
,1042,99.4748,99.4777,99.472,99.474,99.4919,99.456,,1042,99.1517,99.1711,99.1323,99.149,99.2709,99.0271,,1042,99.239,99.4456,99.0324,99.239,99.4456,99.0324
,1043,99.4751,99.478,99.4723,99.4742,99.4922,99.4563,,1043,99.152,99.1713,99.1326,99.149,99.2708,99.0272,,1043,99.2302,99.4382,99.0222,99.2302,99.4382,99.0222
,1044,99.4754,99.4783,99.4726,99.4745,99.4924,99.4566,,1044,99.1522,99.1716,99.1328,99.149,99.2708,99.0272,,1044,99.2211,99.4306,99.0117,99.2211,99.4306,99.0117
,1045,99.4757,99.4786,99.4729,99.4748,99.4926,99.4569,,1045,99.1524,99.1718,99.1331,99.149,99.2708,99.0272,,1045,99.2118,99.4227,99.0009,99.2118,99.4227,99.0009
,1046,99.476,99.4789,99.4732,99.475,99.4928,99.4572,,1046,99.1527,99.172,99.1333,99.149,99.2707,99.0272,,1046,99.2022,99.4146,98.9898,99.2022,99.4146,98.9898
,1047,99.4763,99.4791,99.4735,99.4753,99.493,99.4575,,1047,99.1529,99.1722,99.1335,99.1489,99.2707,99.0272,,1047,99.1924,99.4063,98.9785,99.1924,99.4063,98.9785
,1048,99.4766,99.4794,99.4738,99.4755,99.4932,99.4578,,1048,99.1531,99.1724,99.1338,99.1489,99.2706,99.0271,,1048,99.1823,99.3977,98.967,99.1823,99.3977,98.967
,1049,99.4769,99.4797,99.4741,99.4758,99.4935,99.4581,,1049,99.1533,99.1726,99.134,99.1488,99.2705,99.0271,,1049,99.172,99.3889,98.9551,99.172,99.3889,98.9551
,1050,99.4772,99.48,99.4744,99.476,99.4937,99.4584,,1050,99.1535,99.1728,99.1342,99.1487,99.2704,99.027,,1050,99.1614,99.3798,98.943,99.1614,99.3798,98.943
,1051,99.4775,99.4802,99.4747,99.4763,99.4939,99.4587,,1051,99.1537,99.173,99.1343,99.1487,99.2704,99.027,,1051,99.1506,99.3705,98.9307,99.1506,99.3705,98.9307
,1052,99.4777,99.4805,99.475,99.4765,99.4941,99.4589,,1052,99.1538,99.1731,99.1345,99.1486,99.2703,99.0269,,1052,99.1395,99.3609,98.9181,99.1395,99.3609,98.9181
,1053,99.478,99.4808,99.4753,99.4768,99.4943,99.4592,,1053,99.154,99.1733,99.1347,99.1485,99.2701,99.0268,,1053,99.1281,99.3511,98.9052,99.1281,99.3511,98.9052
,1054,99.4783,99.4811,99.4755,99.477,99.4945,99.4595,,1054,99.1541,99.1734,99.1348,99.1484,99.27,99.0267,,1054,99.1165,99.341,98.8921,99.1165,99.341,98.8921
,1055,99.4786,99.4813,99.4758,99.4772,99.4947,99.4598,,1055,99.1543,99.1735,99.135,99.1483,99.2699,99.0266,,1055,99.1047,99.3306,98.8788,99.1047,99.3306,98.8788
,1056,99.4788,99.4816,99.4761,99.4775,99.4949,99.46,,1056,99.1544,99.1737,99.1351,99.1481,99.2698,99.0265,,1056,99.0926,99.32,98.8652,99.0926,99.32,98.8652
,1057,99.4791,99.4818,99.4764,99.4777,99.4951,99.4603,,1057,99.1545,99.1738,99.1352,99.148,99.2696,99.0264,,1057,99.0803,99.3092,98.8514,99.0803,99.3092,98.8514
,1058,99.4794,99.4821,99.4766,99.4779,99.4953,99.4606,,1058,99.1546,99.1739,99.1353,99.1479,99.2695,99.0262,,1058,99.0677,99.2981,98.8374,99.0677,99.2981,98.8374
,1059,99.4796,99.4823,99.4769,99.4782,99.4955,99.4608,,1059,99.1547,99.1739,99.1354,99.1477,99.2693,99.0261,,1059,99.0549,99.2867,98.8232,99.0549,99.2867,98.8232
,1060,99.4799,99.4826,99.4772,99.4784,99.4957,99.4611,,1060,99.1548,99.174,99.1355,99.1475,99.2691,99.0259,,1060,99.0419,99.275,98.8088,99.0419,99.275,98.8088
,1061,99.4801,99.4829,99.4774,99.4786,99.4959,99.4614,,1061,99.1548,99.1741,99.1356,99.1474,99.269,99.0258,,1061,99.0287,99.2631,98.7942,99.0287,99.2631,98.7942
,1062,99.4804,99.4831,99.4777,99.4788,99.496,99.4616,,1062,99.1549,99.1741,99.1356,99.1472,99.2688,99.0256,,1062,99.0152,99.251,98.7795,99.0152,99.251,98.7795
,1063,99.4806,99.4833,99.4779,99.4791,99.4962,99.4619,,1063,99.1549,99.1742,99.1357,99.147,99.2686,99.0254,,1063,99.0016,99.2386,98.7646,99.0016,99.2386,98.7646
,1064,99.4809,99.4836,99.4782,99.4793,99.4964,99.4621,,1064,99.155,99.1742,99.1358,99.1468,99.2684,99.0252,,1064,98.9877,99.226,98.7495,98.9877,99.226,98.7495
,1065,99.4811,99.4838,99.4784,99.4795,99.4966,99.4624,,1065,99.155,99.1743,99.1358,99.1466,99.2682,99.025,,1065,98.9737,99.2131,98.7343,98.9737,99.2131,98.7343
,1066,99.4814,99.4841,99.4787,99.4797,99.4968,99.4626,,1066,99.155,99.1743,99.1358,99.1464,99.268,99.0248,,1066,98.9595,99.2,98.719,98.9595,99.2,98.719
,1067,99.4816,99.4843,99.4789,99.4799,99.4969,99.4629,,1067,99.1551,99.1743,99.1358,99.1461,99.2678,99.0245,,1067,98.9451,99.1866,98.7036,98.9451,99.1866,98.7036
,1068,99.4819,99.4845,99.4792,99.4801,99.4971,99.4631,,1068,99.1551,99.1743,99.1358,99.1459,99.2675,99.0243,,1068,98.9306,99.1731,98.6881,98.9306,99.1731,98.6881
,1069,99.4821,99.4848,99.4794,99.4803,99.4973,99.4634,,1069,99.155,99.1743,99.1358,99.1457,99.2673,99.024,,1069,98.916,99.1593,98.6726,98.916,99.1593,98.6726
,1070,99.4823,99.485,99.4797,99.4805,99.4975,99.4636,,1070,99.155,99.1742,99.1358,99.1454,99.267,99.0238,,1070,98.9012,99.1454,98.6571,98.9012,99.1454,98.6571
,1071,99.4826,99.4852,99.4799,99.4807,99.4976,99.4638,,1071,99.155,99.1742,99.1358,99.1451,99.2668,99.0235,,1071,98.8864,99.1312,98.6415,98.8864,99.1312,98.6415
,1072,99.4828,99.4854,99.4801,99.4809,99.4978,99.4641,,1072,99.155,99.1742,99.1358,99.1449,99.2665,99.0232,,1072,98.8714,99.1169,98.6259,98.8714,99.1169,98.6259
,1073,99.483,99.4857,99.4804,99.4811,99.498,99.4643,,1073,99.1549,99.1741,99.1357,99.1446,99.2663,99.0229,,1073,98.8564,99.1024,98.6104,98.8564,99.1024,98.6104
,1074,99.4832,99.4859,99.4806,99.4813,99.4981,99.4645,,1074,99.1549,99.1741,99.1357,99.1443,99.266,99.0226,,1074,98.8414,99.0878,98.5949,98.8414,99.0878,98.5949
,1075,99.4835,99.4861,99.4808,99.4815,99.4983,99.4647,,1075,99.1548,99.174,99.1356,99.144,99.2657,99.0223,,1075,98.8263,99.0731,98.5796,98.8263,99.0731,98.5796
,1076,99.4837,99.4863,99.4811,99.4817,99.4985,99.465,,1076,99.1547,99.1739,99.1355,99.1437,99.2654,99.022,,1076,98.8113,99.0583,98.5643,98.8113,99.0583,98.5643
,1077,99.4839,99.4865,99.4813,99.4819,99.4986,99.4652,,1077,99.1546,99.1738,99.1355,99.1434,99.2651,99.0217,,1077,98.7963,99.0434,98.5492,98.7963,99.0434,98.5492
,1078,99.4841,99.4867,99.4815,99.4821,99.4988,99.4654,,1078,99.1546,99.1737,99.1354,99.1431,99.2648,99.0213,,1078,98.7814,99.0285,98.5343,98.7814,99.0285,98.5343
,1079,99.4843,99.487,99.4817,99.4823,99.4989,99.4656,,1079,99.1544,99.1736,99.1353,99.1427,99.2645,99.021,,1079,98.7665,99.0135,98.5195,98.7665,99.0135,98.5195
,1080,99.4846,99.4872,99.4819,99.4825,99.4991,99.4658,,1080,99.1543,99.1735,99.1352,99.1424,99.2642,99.0206,,1080,98.7518,98.9986,98.505,98.7518,98.9986,98.505
,1081,99.4848,99.4874,99.4822,99.4827,99.4993,99.4661,,1081,99.1542,99.1734,99.135,99.142,99.2638,99.0203,,1081,98.7372,98.9836,98.4908,98.7372,98.9836,98.4908
,1082,99.485,99.4876,99.4824,99.4828,99.4994,99.4663,,1082,99.1541,99.1733,99.1349,99.1417,99.2635,99.0199,,1082,98.7228,98.9688,98.4769,98.7228,98.9688,98.4769
,1083,99.4852,99.4878,99.4826,99.483,99.4996,99.4665,,1083,99.154,99.1731,99.1348,99.1413,99.2631,99.0195,,1083,98.7087,98.954,98.4633,98.7087,98.954,98.4633
,1084,99.4854,99.488,99.4828,99.4832,99.4997,99.4667,,1084,99.1538,99.173,99.1346,99.141,99.2628,99.0191,,1084,98.6947,98.9394,98.4501,98.6947,98.9394,98.4501
,1085,99.4856,99.4882,99.483,99.4834,99.4999,99.4669,,1085,99.1537,99.1728,99.1345,99.1406,99.2624,99.0187,,1085,98.6811,98.925,98.4372,98.6811,98.925,98.4372
,1086,99.4858,99.4884,99.4832,99.4836,99.5,99.4671,,1086,99.1535,99.1727,99.1343,99.1402,99.2621,99.0183,,1086,98.6678,98.9107,98.4248,98.6678,98.9107,98.4248
,1087,99.486,99.4886,99.4834,99.4837,99.5001,99.4673,,1087,99.1533,99.1725,99.1341,99.1398,99.2617,99.0179,,1087,98.6548,98.8967,98.4129,98.6548,98.8967,98.4129
,1088,99.4859,99.4885,99.4833,99.4836,99.5,99.4671,,1088,99.1531,99.1723,99.134,99.1394,99.2613,99.0174,,1088,98.6422,98.883,98.4015,98.6422,98.883,98.4015
,1089,99.485,99.4876,99.4824,99.4826,99.4992,99.4661,,1089,99.1529,99.1721,99.1338,99.139,99.2609,99.017,,1089,98.6301,98.8696,98.3905,98.6301,98.8696,98.3905
,1090,99.4841,99.4867,99.4815,99.4817,99.4984,99.465,,1090,99.1527,99.1719,99.1336,99.1385,99.2605,99.0165,,1090,98.6184,98.8566,98.3802,98.6184,98.8566,98.3802
,1091,99.4832,99.4858,99.4805,99.4807,99.4976,99.4639,,1091,99.1525,99.1717,99.1334,99.1381,99.2601,99.0161,,1091,98.6072,98.8439,98.3704,98.6072,98.8439,98.3704
,1092,99.4823,99.4849,99.4796,99.4798,99.4967,99.4628,,1092,99.1523,99.1715,99.1331,99.1377,99.2597,99.0156,,1092,98.5965,98.8318,98.3612,98.5965,98.8318,98.3612
,1093,99.4814,99.484,99.4787,99.4788,99.4959,99.4617,,1093,99.1521,99.1713,99.1329,99.1372,99.2593,99.0151,,1093,98.5863,98.8201,98.3526,98.5863,98.8201,98.3526
,1094,99.4805,99.4832,99.4778,99.4779,99.4951,99.4607,,1094,99.1519,99.171,99.1327,99.1368,99.2589,99.0147,,1094,98.5768,98.8089,98.3447,98.5768,98.8089,98.3447
,1095,99.4796,99.4823,99.4769,99.4769,99.4943,99.4596,,1095,99.1516,99.1708,99.1324,99.1363,99.2585,99.0142,,1095,98.5679,98.7983,98.3375,98.5679,98.7983,98.3375
,1096,99.4787,99.4814,99.476,99.476,99.4935,99.4585,,1096,99.1514,99.1705,99.1322,99.1358,99.258,99.0137,,1096,98.5596,98.7883,98.3309,98.5596,98.7883,98.3309
,1097,99.4778,99.4806,99.4751,99.4751,99.4927,99.4575,,1097,99.1511,99.1703,99.1319,99.1354,99.2576,99.0131,,1097,98.552,98.7789,98.3251,98.552,98.7789,98.3251
,1098,99.4769,99.4797,99.4742,99.4741,99.4919,99.4564,,1098,99.1508,99.17,99.1317,99.1349,99.2571,99.0126,,1098,98.5451,98.7702,98.32,98.5451,98.7702,98.32
,1099,99.476,99.4788,99.4733,99.4732,99.4911,99.4553,,1099,99.1506,99.1698,99.1314,99.1344,99.2567,99.0121,,1099,98.5389,98.7622,98.3157,98.5389,98.7622,98.3157
,1100,99.4752,99.478,99.4723,99.4723,99.4902,99.4543,,1100,99.1503,99.1695,99.1311,99.1339,99.2562,99.0115,,1100,98.5335,98.7549,98.312,98.5335,98.7549,98.312
,1101,99.4743,99.4771,99.4714,99.4713,99.4894,99.4532,,1101,99.15,99.1692,99.1308,99.1334,99.2557,99.011,,1101,98.5288,98.7484,98.3092,98.5288,98.7484,98.3092
,1102,99.4734,99.4762,99.4705,99.4704,99.4886,99.4521,,1102,99.1497,99.1689,99.1305,99.1328,99.2552,99.0104,,1102,98.5249,98.7426,98.3071,98.5249,98.7426,98.3071
,1103,99.4725,99.4754,99.4696,99.4695,99.4878,99.4511,,1103,99.1494,99.1686,99.1302,99.1323,99.2548,99.0099,,1103,98.5217,98.7377,98.3057,98.5217,98.7377,98.3057
,1104,99.4716,99.4745,99.4688,99.4685,99.487,99.45,,1104,99.1491,99.1683,99.1299,99.1318,99.2543,99.0093,,1104,98.5194,98.7336,98.3051,98.5194,98.7336,98.3051
,1105,99.4708,99.4737,99.4679,99.4676,99.4862,99.449,,1105,99.1488,99.1679,99.1296,99.1312,99.2538,99.0087,,1105,98.5178,98.7303,98.3053,98.5178,98.7303,98.3053
,1106,99.4699,99.4728,99.467,99.4667,99.4854,99.4479,,1106,99.1484,99.1676,99.1292,99.1307,99.2533,99.0081,,1106,98.517,98.7278,98.3062,98.517,98.7278,98.3062
,1107,99.469,99.472,99.4661,99.4657,99.4846,99.4469,,1107,99.1481,99.1673,99.1289,99.1301,99.2528,99.0075,,1107,98.517,98.7261,98.3079,98.517,98.7261,98.3079
,1108,99.4681,99.4711,99.4652,99.4648,99.4838,99.4458,,1108,99.1477,99.1669,99.1285,99.1296,99.2522,99.0069,,1108,98.5178,98.7253,98.3103,98.5178,98.7253,98.3103
,1109,99.4673,99.4702,99.4643,99.4639,99.483,99.4448,,1109,99.1474,99.1666,99.1282,99.129,99.2517,99.0063,,1109,98.5194,98.7253,98.3134,98.5194,98.7253,98.3134
,1110,99.4664,99.4694,99.4634,99.463,99.4822,99.4437,,1110,99.147,99.1662,99.1278,99.1284,99.2512,99.0057,,1110,98.5217,98.7262,98.3172,98.5217,98.7262,98.3172
,1111,99.4655,99.4685,99.4625,99.462,99.4814,99.4427,,1111,99.1466,99.1659,99.1274,99.1278,99.2506,99.005,,1111,98.5248,98.7278,98.3217,98.5248,98.7278,98.3217
,1112,99.4647,99.4677,99.4616,99.4611,99.4806,99.4416,,1112,99.1463,99.1655,99.1271,99.1272,99.2501,99.0044,,1112,98.5286,98.7303,98.3268,98.5286,98.7303,98.3268
,1113,99.4638,99.4669,99.4607,99.4602,99.4798,99.4406,,1113,99.1459,99.1651,99.1267,99.1266,99.2495,99.0037,,1113,98.5331,98.7335,98.3326,98.5331,98.7335,98.3326
,1114,99.4629,99.466,99.4599,99.4593,99.479,99.4395,,1114,99.1455,99.1647,99.1263,99.126,99.249,99.0031,,1114,98.5383,98.7375,98.339,98.5383,98.7375,98.339
,1115,99.4621,99.4652,99.459,99.4584,99.4782,99.4385,,1115,99.1451,99.1643,99.1259,99.1254,99.2484,99.0024,,1115,98.5441,98.7423,98.346,98.5441,98.7423,98.346
,1116,99.4612,99.4643,99.4581,99.4574,99.4774,99.4375,,1116,99.1447,99.1639,99.1254,99.1248,99.2478,99.0017,,1116,98.5506,98.7477,98.3536,98.5506,98.7477,98.3536
,1117,99.4604,99.4635,99.4572,99.4565,99.4766,99.4364,,1117,99.1443,99.1635,99.125,99.1242,99.2473,99.0011,,1117,98.5578,98.7538,98.3617,98.5578,98.7538,98.3617
,1118,99.4595,99.4626,99.4563,99.4556,99.4758,99.4354,,1118,99.1438,99.1631,99.1246,99.1235,99.2467,99.0004,,1118,98.5654,98.7606,98.3703,98.5654,98.7606,98.3703
,1119,99.4586,99.4618,99.4555,99.4547,99.4751,99.4343,,1119,99.1434,99.1626,99.1242,99.1229,99.2461,98.9997,,1119,98.5737,98.768,98.3794,98.5737,98.768,98.3794
,1120,99.4578,99.461,99.4546,99.4538,99.4743,99.4333,,1120,99.143,99.1622,99.1237,99.1222,99.2455,98.999,,1120,98.5825,98.7759,98.389,98.5825,98.7759,98.389
,1121,99.4569,99.4601,99.4537,99.4529,99.4735,99.4323,,1121,99.1425,99.1618,99.1233,99.1216,99.2449,98.9982,,1121,98.5917,98.7844,98.399,98.5917,98.7844,98.399
,1122,99.4561,99.4593,99.4528,99.452,99.4727,99.4312,,1122,99.142,99.1613,99.1228,99.1209,99.2443,98.9975,,1122,98.6014,98.7935,98.4093,98.6014,98.7935,98.4093
,1123,99.4552,99.4584,99.452,99.451,99.4719,99.4302,,1123,99.1416,99.1608,99.1223,99.1202,99.2437,98.9968,,1123,98.6115,98.8029,98.4201,98.6115,98.8029,98.4201
,1124,99.4544,99.4576,99.4511,99.4501,99.4711,99.4292,,1124,99.1411,99.1604,99.1218,99.1195,99.243,98.9961,,1124,98.622,98.8129,98.4312,98.622,98.8129,98.4312
,1125,99.4535,99.4568,99.4502,99.4492,99.4703,99.4281,,1125,99.1406,99.1599,99.1214,99.1189,99.2424,98.9953,,1125,98.6329,98.8232,98.4426,98.6329,98.8232,98.4426
,1126,99.4527,99.4559,99.4494,99.4483,99.4695,99.4271,,1126,99.1402,99.1594,99.1209,99.1182,99.2418,98.9945,,1126,98.6441,98.8338,98.4543,98.6441,98.8338,98.4543
,1127,99.4518,99.4551,99.4485,99.4474,99.4687,99.4261,,1127,99.1397,99.1589,99.1204,99.1175,99.2411,98.9938,,1127,98.6555,98.8448,98.4662,98.6555,98.8448,98.4662
,1128,99.451,99.4543,99.4476,99.4465,99.4679,99.425,,1128,99.1392,99.1584,99.1199,99.1167,99.2405,98.993,,1128,98.6672,98.8561,98.4784,98.6672,98.8561,98.4784
,1129,99.4501,99.4534,99.4468,99.4456,99.4672,99.424,,1129,99.1386,99.1579,99.1194,99.116,99.2398,98.9922,,1129,98.6792,98.8677,98.4907,98.6792,98.8677,98.4907
,1130,99.4493,99.4526,99.4459,99.4447,99.4664,99.423,,1130,99.1381,99.1574,99.1188,99.1153,99.2392,98.9914,,1130,98.6913,98.8794,98.5032,98.6913,98.8794,98.5032
,1131,99.4484,99.4518,99.445,99.4438,99.4656,99.4219,,1131,99.1376,99.1569,99.1183,99.1146,99.2385,98.9906,,1131,98.7036,98.8914,98.5159,98.7036,98.8914,98.5159
,1132,99.4476,99.451,99.4442,99.4428,99.4648,99.4209,,1132,99.1371,99.1564,99.1178,99.1138,99.2378,98.9898,,1132,98.7161,98.9035,98.5287,98.7161,98.9035,98.5287
,1133,99.4467,99.4501,99.4433,99.4419,99.464,99.4199,,1133,99.1365,99.1559,99.1172,99.1131,99.2371,98.989,,1133,98.7287,98.9157,98.5416,98.7287,98.9157,98.5416
,1134,99.4459,99.4493,99.4424,99.441,99.4632,99.4189,,1134,99.136,99.1553,99.1167,99.1123,99.2365,98.9882,,1134,98.7413,98.928,98.5546,98.7413,98.928,98.5546
,1135,99.445,99.4485,99.4416,99.4401,99.4624,99.4178,,1135,99.1355,99.1548,99.1161,99.1116,99.2358,98.9874,,1135,98.754,98.9404,98.5676,98.754,98.9404,98.5676
,1136,99.4442,99.4476,99.4407,99.4392,99.4616,99.4168,,1136,99.1349,99.1542,99.1156,99.1108,99.2351,98.9865,,1136,98.7667,98.9529,98.5806,98.7667,98.9529,98.5806
,1137,99.4433,99.4468,99.4398,99.4383,99.4609,99.4158,,1137,99.1343,99.1537,99.115,99.11,99.2344,98.9857,,1137,98.7795,98.9653,98.5937,98.7795,98.9653,98.5937
,1138,99.4425,99.446,99.439,99.4374,99.4601,99.4147,,1138,99.1338,99.1531,99.1144,99.1093,99.2337,98.9849,,1138,98.7923,98.9778,98.6067,98.7923,98.9778,98.6067
,1139,99.4416,99.4452,99.4381,99.4365,99.4593,99.4137,,1139,99.1332,99.1525,99.1138,99.1085,99.2329,98.984,,1139,98.805,98.9902,98.6198,98.805,98.9902,98.6198
,1140,99.4408,99.4443,99.4373,99.4356,99.4585,99.4127,,1140,99.1326,99.152,99.1132,99.1077,99.2322,98.9831,,1140,98.8177,99.0026,98.6328,98.8177,99.0026,98.6328
,1141,99.44,99.4435,99.4364,99.4347,99.4577,99.4117,,1141,99.132,99.1514,99.1126,99.1069,99.2315,98.9823,,1141,98.8303,99.0149,98.6457,98.8303,99.0149,98.6457
,1142,99.4391,99.4427,99.4355,99.4338,99.4569,99.4107,,1142,99.1314,99.1508,99.112,99.1061,99.2308,98.9814,,1142,98.8429,99.0271,98.6586,98.8429,99.0271,98.6586
,1143,99.4383,99.4419,99.4347,99.4329,99.4561,99.4096,,1143,99.1308,99.1502,99.1114,99.1052,99.23,98.9805,,1143,98.8553,99.0393,98.6714,98.8553,99.0393,98.6714
,1144,99.4374,99.4411,99.4338,99.432,99.4554,99.4086,,1144,99.1302,99.1496,99.1108,99.1044,99.2293,98.9796,,1144,98.8677,99.0513,98.684,98.8677,99.0513,98.684
,1145,99.4366,99.4402,99.433,99.4311,99.4546,99.4076,,1145,99.1295,99.149,99.1101,99.1036,99.2285,98.9787,,1145,98.8799,99.0632,98.6966,98.8799,99.0632,98.6966
,1146,99.4358,99.4394,99.4321,99.4302,99.4538,99.4066,,1146,99.1289,99.1483,99.1095,99.1028,99.2277,98.9778,,1146,98.8921,99.075,98.7091,98.8921,99.075,98.7091
,1147,99.4349,99.4386,99.4313,99.4293,99.453,99.4055,,1147,99.1283,99.1477,99.1089,99.1019,99.227,98.9768,,1147,98.904,99.0867,98.7214,98.904,99.0867,98.7214
,1148,99.4341,99.4378,99.4304,99.4284,99.4522,99.4045,,1148,99.1276,99.1471,99.1082,99.1011,99.2262,98.9759,,1148,98.9159,99.0982,98.7336,98.9159,99.0982,98.7336
,1149,99.4332,99.4369,99.4295,99.4275,99.4514,99.4035,,1149,99.127,99.1464,99.1076,99.1002,99.2254,98.975,,1149,98.9276,99.1095,98.7457,98.9276,99.1095,98.7457
,1150,99.4324,99.4361,99.4287,99.4266,99.4506,99.4025,,1150,99.1263,99.1458,99.1069,99.0993,99.2246,98.974,,1150,98.9391,99.1206,98.7576,98.9391,99.1206,98.7576
,1151,99.4316,99.4353,99.4278,99.4256,99.4499,99.4014,,1151,99.1257,99.1451,99.1062,99.0985,99.2239,98.9731,,1151,98.9505,99.1316,98.7693,98.9505,99.1316,98.7693
,1152,99.4307,99.4345,99.427,99.4247,99.4491,99.4004,,1152,99.125,99.1445,99.1055,99.0976,99.2231,98.9721,,1152,98.9616,99.1424,98.7809,98.9616,99.1424,98.7809
,1153,99.4299,99.4337,99.4261,99.4238,99.4483,99.3994,,1153,99.1243,99.1438,99.1049,99.0967,99.2223,98.9712,,1153,98.9727,99.153,98.7923,98.9727,99.153,98.7923
,1154,99.429,99.4328,99.4253,99.4229,99.4475,99.3984,,1154,99.1236,99.1431,99.1042,99.0958,99.2214,98.9702,,1154,98.9835,99.1635,98.8035,98.9835,99.1635,98.8035
,1155,99.4282,99.432,99.4244,99.422,99.4467,99.3974,,1155,99.123,99.1424,99.1035,99.0949,99.2206,98.9692,,1155,98.9941,99.1737,98.8145,98.9941,99.1737,98.8145
,1156,99.4274,99.4312,99.4235,99.4211,99.4459,99.3963,,1156,99.1223,99.1418,99.1028,99.094,99.2198,98.9682,,1156,99.0046,99.1838,98.8254,99.0046,99.1838,98.8254
,1157,99.4265,99.4304,99.4227,99.4202,99.4451,99.3953,,1157,99.1216,99.1411,99.102,99.0931,99.219,98.9672,,1157,99.0148,99.1936,98.8361,99.0148,99.1936,98.8361
,1158,99.4257,99.4296,99.4218,99.4193,99.4443,99.3943,,1158,99.1208,99.1404,99.1013,99.0922,99.2182,98.9662,,1158,99.0249,99.2033,98.8465,99.0249,99.2033,98.8465
,1159,99.4249,99.4287,99.421,99.4184,99.4436,99.3933,,1159,99.1201,99.1397,99.1006,99.0913,99.2173,98.9652,,1159,99.0348,99.2127,98.8568,99.0348,99.2127,98.8568
,1160,99.424,99.4279,99.4201,99.4175,99.4428,99.3923,,1160,99.1194,99.1389,99.0999,99.0903,99.2165,98.9642,,1160,99.0444,99.222,98.8669,99.0444,99.222,98.8669
,1161,99.4232,99.4271,99.4193,99.4166,99.442,99.3912,,1161,99.1187,99.1382,99.0991,99.0894,99.2156,98.9632,,1161,99.0539,99.231,98.8768,99.0539,99.231,98.8768
,1162,99.4224,99.4263,99.4184,99.4157,99.4412,99.3902,,1162,99.1179,99.1375,99.0984,99.0885,99.2148,98.9621,,1162,99.0632,99.2399,98.8865,99.0632,99.2399,98.8865
,1163,99.4215,99.4255,99.4176,99.4148,99.4404,99.3892,,1163,99.1172,99.1368,99.0976,99.0875,99.2139,98.9611,,1163,99.0722,99.2485,98.896,99.0722,99.2485,98.896
,1164,99.4207,99.4246,99.4167,99.4139,99.4396,99.3882,,1164,99.1164,99.136,99.0969,99.0865,99.213,98.9601,,1164,99.0811,99.257,98.9053,99.0811,99.257,98.9053
,1165,99.4198,99.4238,99.4159,99.413,99.4388,99.3871,,1165,99.1157,99.1353,99.0961,99.0856,99.2122,98.959,,1165,99.0898,99.2652,98.9144,99.0898,99.2652,98.9144
,1166,99.419,99.423,99.415,99.4121,99.438,99.3861,,1166,99.1149,99.1345,99.0953,99.0846,99.2113,98.9579,,1166,99.0983,99.2733,98.9233,99.0983,99.2733,98.9233
,1167,99.4182,99.4222,99.4142,99.4112,99.4373,99.3851,,1167,99.1141,99.1338,99.0945,99.0836,99.2104,98.9569,,1167,99.1066,99.2812,98.932,99.1066,99.2812,98.932
,1168,99.4173,99.4214,99.4133,99.4103,99.4365,99.3841,,1168,99.1134,99.133,99.0937,99.0827,99.2095,98.9558,,1168,99.1147,99.2889,98.9404,99.1147,99.2889,98.9404
,1169,99.4165,99.4205,99.4124,99.4094,99.4357,99.383,,1169,99.1126,99.1322,99.0929,99.0817,99.2086,98.9547,,1169,99.1225,99.2964,98.9487,99.1225,99.2964,98.9487
,1170,99.4157,99.4197,99.4116,99.4085,99.4349,99.382,,1170,99.1118,99.1314,99.0921,99.0807,99.2077,98.9536,,1170,99.1302,99.3037,98.9568,99.1302,99.3037,98.9568
,1171,99.4148,99.4189,99.4107,99.4075,99.4341,99.381,,1171,99.111,99.1307,99.0913,99.0797,99.2068,98.9525,,1171,99.1378,99.3108,98.9647,99.1378,99.3108,98.9647
,1172,99.414,99.4181,99.4099,99.4066,99.4333,99.38,,1172,99.1102,99.1299,99.0905,99.0787,99.2059,98.9514,,1172,99.1451,99.3177,98.9724,99.1451,99.3177,98.9724
,1173,99.4131,99.4173,99.409,99.4057,99.4325,99.379,,1173,99.1094,99.1291,99.0897,99.0776,99.205,98.9503,,1173,99.1522,99.3245,98.9799,99.1522,99.3245,98.9799
,1174,99.4123,99.4164,99.4082,99.4048,99.4317,99.3779,,1174,99.1086,99.1283,99.0889,99.0766,99.204,98.9492,,1174,99.1591,99.3311,98.9872,99.1591,99.3311,98.9872
,1175,99.4115,99.4156,99.4073,99.4039,99.4309,99.3769,,1175,99.1077,99.1274,99.088,99.0756,99.2031,98.9481,,1175,99.1659,99.3375,98.9944,99.1659,99.3375,98.9944
,1176,99.4106,99.4148,99.4065,99.403,99.4301,99.3759,,1176,99.1069,99.1266,99.0872,99.0746,99.2022,98.9469,,1176,99.1725,99.3437,99.0013,99.1725,99.3437,99.0013
,1177,99.4098,99.414,99.4056,99.4021,99.4293,99.3749,,1177,99.1061,99.1258,99.0863,99.0735,99.2012,98.9458,,1177,99.1789,99.3498,99.008,99.1789,99.3498,99.008
,1178,99.409,99.4132,99.4047,99.4012,99.4285,99.3738,,1178,99.1052,99.125,99.0855,99.0725,99.2003,98.9447,,1178,99.1851,99.3557,99.0146,99.1851,99.3557,99.0146
,1179,99.4081,99.4123,99.4039,99.4003,99.4277,99.3728,,1179,99.1044,99.1241,99.0846,99.0714,99.1993,98.9435,,1179,99.1912,99.3614,99.0209,99.1912,99.3614,99.0209
,1180,99.4073,99.4115,99.403,99.3994,99.427,99.3718,,1180,99.1035,99.1233,99.0838,99.0703,99.1983,98.9423,,1180,99.197,99.3669,99.0271,99.197,99.3669,99.0271
,1181,99.4064,99.4107,99.4022,99.3985,99.4262,99.3707,,1181,99.1027,99.1225,99.0829,99.0693,99.1974,98.9412,,1181,99.2027,99.3724,99.0331,99.2027,99.3724,99.0331
,1182,99.4056,99.4099,99.4013,99.3975,99.4254,99.3697,,1182,99.1018,99.1216,99.082,99.0682,99.1964,98.94,,1182,99.2082,99.3776,99.0389,99.2082,99.3776,99.0389
,1183,99.4048,99.4091,99.4005,99.3966,99.4246,99.3687,,1183,99.1009,99.1207,99.0811,99.0671,99.1954,98.9388,,1183,99.2136,99.3827,99.0445,99.2136,99.3827,99.0445
,1184,99.4039,99.4082,99.3996,99.3957,99.4238,99.3677,,1184,99.1,99.1199,99.0802,99.066,99.1944,98.9376,,1184,99.2188,99.3877,99.05,99.2188,99.3877,99.05
,1185,99.4031,99.4074,99.3988,99.3948,99.423,99.3666,,1185,99.0992,99.119,99.0793,99.0649,99.1935,98.9364,,1185,99.2238,99.3924,99.0552,99.2238,99.3924,99.0552
,1186,99.4022,99.4066,99.3979,99.3939,99.4222,99.3656,,1186,99.0983,99.1181,99.0784,99.0638,99.1925,98.9352,,1186,99.2287,99.3971,99.0603,99.2287,99.3971,99.0603
,1187,99.4014,99.4058,99.397,99.393,99.4214,99.3646,,1187,99.0974,99.1172,99.0775,99.0627,99.1915,98.934,,1187,99.2334,99.4016,99.0653,99.2334,99.4016,99.0653
,1188,99.4006,99.4049,99.3962,99.3921,99.4206,99.3635,,1188,99.0965,99.1163,99.0766,99.0616,99.1904,98.9328,,1188,99.238,99.406,99.07,99.238,99.406,99.07
,1189,99.3997,99.4041,99.3953,99.3911,99.4198,99.3625,,1189,99.0956,99.1154,99.0757,99.0605,99.1894,98.9316,,1189,99.2424,99.4102,99.0746,99.2424,99.4102,99.0746
,1190,99.3989,99.4033,99.3945,99.3902,99.419,99.3615,,1190,99.0946,99.1145,99.0747,99.0594,99.1884,98.9303,,1190,99.2466,99.4143,99.079,99.2466,99.4143,99.079
,1191,99.398,99.4025,99.3936,99.3893,99.4182,99.3604,,1191,99.0937,99.1136,99.0738,99.0582,99.1874,98.9291,,1191,99.2507,99.4182,99.0832,99.2507,99.4182,99.0832
,1192,99.3972,99.4016,99.3927,99.3884,99.4174,99.3594,,1192,99.0928,99.1127,99.0729,99.0571,99.1864,98.9278,,1192,99.2547,99.4221,99.0873,99.2547,99.4221,99.0873
,1193,99.3963,99.4008,99.3919,99.3875,99.4166,99.3584,,1193,99.0918,99.1118,99.0719,99.056,99.1853,98.9266,,1193,99.2585,99.4258,99.0912,99.2585,99.4258,99.0912
,1194,99.3955,99.4,99.391,99.3865,99.4158,99.3573,,1194,99.0909,99.1108,99.0709,99.0548,99.1843,98.9253,,1194,99.2622,99.4293,99.095,99.2622,99.4293,99.095
,1195,99.3946,99.3991,99.3902,99.3856,99.4149,99.3563,,1195,99.0899,99.1099,99.07,99.0536,99.1832,98.9241,,1195,99.2657,99.4328,99.0986,99.2657,99.4328,99.0986
,1196,99.3938,99.3983,99.3893,99.3847,99.4141,99.3553,,1196,99.089,99.109,99.069,99.0525,99.1822,98.9228,,1196,99.2691,99.4361,99.102,99.2691,99.4361,99.102
,1197,99.393,99.3975,99.3884,99.3838,99.4133,99.3542,,1197,99.088,99.108,99.068,99.0513,99.1811,98.9215,,1197,99.2723,99.4393,99.1053,99.2723,99.4393,99.1053
,1198,99.3921,99.3967,99.3876,99.3829,99.4125,99.3532,,1198,99.0871,99.1071,99.0671,99.0501,99.1801,98.9202,,1198,99.2754,99.4423,99.1084,99.2754,99.4423,99.1084
,1199,99.3913,99.3958,99.3867,99.3819,99.4117,99.3521,,1199,99.0861,99.1061,99.0661,99.049,99.179,98.9189,,1199,99.2784,99.4453,99.1114,99.2784,99.4453,99.1114
,1200,99.3904,99.395,99.3858,99.381,99.4109,99.3511,,1200,99.0851,99.1051,99.0651,99.0478,99.1779,98.9176,,1200,99.2812,99.4481,99.1142,99.2812,99.4481,99.1142
,1201,99.3896,99.3942,99.385,99.3801,99.4101,99.3501,,1201,99.0841,99.1042,99.0641,99.0466,99.1768,98.9163,,1201,99.2839,99.4509,99.1169,99.2839,99.4509,99.1169
,1202,99.3887,99.3933,99.3841,99.3792,99.4093,99.349,,1202,99.0831,99.1032,99.0631,99.0454,99.1757,98.915,,1202,99.2864,99.4535,99.1194,99.2864,99.4535,99.1194
,1203,99.3879,99.3925,99.3832,99.3782,99.4085,99.348,,1203,99.0821,99.1022,99.062,99.0442,99.1746,98.9137,,1203,99.2889,99.456,99.1217,99.2889,99.456,99.1217
,1204,99.387,99.3917,99.3824,99.3773,99.4077,99.3469,,1204,99.0811,99.1012,99.061,99.0429,99.1735,98.9123,,1204,99.2912,99.4584,99.124,99.2912,99.4584,99.124
,1205,99.3862,99.3908,99.3815,99.3764,99.4068,99.3459,,1205,99.0801,99.1002,99.06,99.0417,99.1724,98.911,,1205,99.2933,99.4607,99.126,99.2933,99.4607,99.126
,1206,99.3853,99.39,99.3806,99.3754,99.406,99.3448,,1206,99.0791,99.0992,99.059,99.0405,99.1713,98.9097,,1206,99.2954,99.4628,99.1279,99.2954,99.4628,99.1279
,1207,99.3845,99.3892,99.3798,99.3745,99.4052,99.3438,,1207,99.0781,99.0982,99.0579,99.0393,99.1702,98.9083,,1207,99.2973,99.4649,99.1297,99.2973,99.4649,99.1297
,1208,99.3836,99.3883,99.3789,99.3736,99.4044,99.3427,,1208,99.077,99.0972,99.0569,99.038,99.1691,98.907,,1208,99.2991,99.4669,99.1313,99.2991,99.4669,99.1313
,1209,99.3828,99.3875,99.378,99.3726,99.4036,99.3417,,1209,99.076,99.0962,99.0558,99.0368,99.168,98.9056,,1209,99.3008,99.4688,99.1328,99.3008,99.4688,99.1328
,1210,99.3819,99.3867,99.3771,99.3717,99.4028,99.3406,,1210,99.075,99.0951,99.0548,99.0355,99.1668,98.9042,,1210,99.3023,99.4705,99.1342,99.3023,99.4705,99.1342
,1211,99.381,99.3858,99.3763,99.3708,99.4019,99.3396,,1211,99.0739,99.0941,99.0537,99.0343,99.1657,98.9028,,1211,99.3038,99.4722,99.1354,99.3038,99.4722,99.1354
,1212,99.3802,99.385,99.3754,99.3698,99.4011,99.3385,,1212,99.0729,99.0931,99.0526,99.033,99.1645,98.9015,,1212,99.3051,99.4738,99.1364,99.3051,99.4738,99.1364
,1213,99.3793,99.3841,99.3745,99.3689,99.4003,99.3375,,1213,99.0718,99.092,99.0516,99.0317,99.1634,98.9001,,1213,99.3063,99.4752,99.1373,99.3063,99.4752,99.1373
,1214,99.3785,99.3833,99.3737,99.368,99.3995,99.3364,,1214,99.0707,99.091,99.0505,99.0304,99.1622,98.8987,,1214,99.3074,99.4766,99.1381,99.3074,99.4766,99.1381
,1215,99.3776,99.3825,99.3728,99.367,99.3987,99.3354,,1215,99.0697,99.0899,99.0494,99.0292,99.1611,98.8973,,1215,99.3083,99.4779,99.1387,99.3083,99.4779,99.1387
,1216,99.3769,99.3817,99.372,99.3662,99.3979,99.3345,,1216,99.0686,99.0889,99.0483,99.0279,99.1599,98.8959,,1216,99.3092,99.4791,99.1392,99.3092,99.4791,99.1392
,1217,99.3764,99.3812,99.3715,99.3656,99.3974,99.3338,,1217,99.0675,99.0878,99.0472,99.0266,99.1587,98.8944,,1217,99.3099,99.4802,99.1396,99.3099,99.4802,99.1396
,1218,99.3759,99.3808,99.371,99.3651,99.3969,99.3332,,1218,99.0664,99.0867,99.0461,99.0253,99.1575,98.893,,1218,99.3105,99.4812,99.1398,99.3105,99.4812,99.1398
,1219,99.3754,99.3803,99.3705,99.3645,99.3965,99.3326,,1219,99.0653,99.0856,99.045,99.024,99.1564,98.8916,,1219,99.311,99.4821,99.1398,99.311,99.4821,99.1398
,1220,99.3749,99.3798,99.37,99.364,99.396,99.332,,1220,99.0642,99.0845,99.0438,99.0227,99.1552,98.8901,,1220,99.3113,99.4829,99.1398,99.3113,99.4829,99.1398
,1221,99.3744,99.3793,99.3695,99.3634,99.3955,99.3314,,1221,99.0631,99.0834,99.0427,99.0213,99.154,98.8887,,1221,99.3116,99.4836,99.1396,99.3116,99.4836,99.1396
,1222,99.3739,99.3788,99.369,99.3628,99.395,99.3307,,1222,99.062,99.0824,99.0416,99.02,99.1528,98.8872,,1222,99.3118,99.4843,99.1392,99.3118,99.4843,99.1392
,1223,99.3734,99.3783,99.3685,99.3623,99.3945,99.3301,,1223,99.0608,99.0812,99.0405,99.0187,99.1516,98.8858,,1223,99.3118,99.4848,99.1387,99.3118,99.4848,99.1387
,1224,99.3729,99.3778,99.368,99.3617,99.394,99.3295,,1224,99.0597,99.0801,99.0393,99.0173,99.1503,98.8843,,1224,99.3117,99.4853,99.1381,99.3117,99.4853,99.1381
,1225,99.3724,99.3773,99.3675,99.3611,99.3934,99.3288,,1225,99.0586,99.079,99.0382,99.016,99.1491,98.8828,,1225,99.3115,99.4857,99.1373,99.3115,99.4857,99.1373
,1226,99.3719,99.3768,99.3669,99.3606,99.3929,99.3282,,1226,99.0574,99.0779,99.037,99.0146,99.1479,98.8814,,1226,99.3112,99.4859,99.1364,99.3112,99.4859,99.1364
,1227,99.3714,99.3763,99.3664,99.36,99.3924,99.3276,,1227,99.0563,99.0768,99.0358,99.0133,99.1467,98.8799,,1227,99.3108,99.4861,99.1354,99.3108,99.4861,99.1354
,1228,99.3709,99.3758,99.3659,99.3594,99.3919,99.3269,,1228,99.0552,99.0756,99.0347,99.0119,99.1454,98.8784,,1228,99.3102,99.4863,99.1342,99.3102,99.4863,99.1342
,1229,99.3704,99.3753,99.3654,99.3589,99.3914,99.3263,,1229,99.054,99.0745,99.0335,99.0105,99.1442,98.8769,,1229,99.3096,99.4863,99.1329,99.3096,99.4863,99.1329
,1230,99.3698,99.3748,99.3649,99.3583,99.3909,99.3257,,1230,99.0528,99.0733,99.0323,99.0092,99.1429,98.8754,,1230,99.3088,99.4862,99.1314,99.3088,99.4862,99.1314
,1231,99.3693,99.3743,99.3643,99.3577,99.3904,99.325,,1231,99.0517,99.0722,99.0311,99.0078,99.1417,98.8739,,1231,99.3079,99.4861,99.1298,99.3079,99.4861,99.1298
,1232,99.3688,99.3738,99.3638,99.3571,99.3899,99.3244,,1232,99.0505,99.071,99.0299,99.0064,99.1404,98.8723,,1232,99.3069,99.4858,99.128,99.3069,99.4858,99.128
,1233,99.3683,99.3733,99.3633,99.3565,99.3894,99.3237,,1233,99.0493,99.0699,99.0287,99.005,99.1392,98.8708,,1233,99.3058,99.4855,99.1262,99.3058,99.4855,99.1262
,1234,99.3678,99.3728,99.3628,99.356,99.3889,99.3231,,1234,99.0481,99.0687,99.0275,99.0036,99.1379,98.8693,,1234,99.3046,99.4851,99.1241,99.3046,99.4851,99.1241
,1235,99.3673,99.3723,99.3622,99.3554,99.3883,99.3224,,1235,99.0469,99.0675,99.0263,99.0022,99.1366,98.8677,,1235,99.3033,99.4846,99.1219,99.3033,99.4846,99.1219
,1236,99.3668,99.3718,99.3617,99.3548,99.3878,99.3218,,1236,99.0457,99.0663,99.0251,99.0008,99.1353,98.8662,,1236,99.3018,99.484,99.1196,99.3018,99.484,99.1196
,1237,99.3662,99.3713,99.3612,99.3542,99.3873,99.3211,,1237,99.0445,99.0652,99.0239,98.9993,99.134,98.8646,,1237,99.3002,99.4834,99.1171,99.3002,99.4834,99.1171
,1238,99.3657,99.3708,99.3607,99.3536,99.3868,99.3205,,1238,99.0433,99.064,99.0226,98.9979,99.1328,98.8631,,1238,99.2985,99.4826,99.1145,99.2985,99.4826,99.1145
,1239,99.3652,99.3703,99.3601,99.353,99.3863,99.3198,,1239,99.0421,99.0628,99.0214,98.9965,99.1315,98.8615,,1239,99.2967,99.4818,99.1117,99.2967,99.4818,99.1117
,1240,99.3647,99.3697,99.3596,99.3525,99.3857,99.3192,,1240,99.0409,99.0616,99.0202,98.995,99.1301,98.8599,,1240,99.2948,99.4808,99.1088,99.2948,99.4808,99.1088
,1241,99.3641,99.3692,99.3591,99.3519,99.3852,99.3185,,1241,99.0396,99.0603,99.0189,98.9936,99.1288,98.8583,,1241,99.2928,99.4798,99.1057,99.2928,99.4798,99.1057
,1242,99.3636,99.3687,99.3585,99.3513,99.3847,99.3179,,1242,99.0384,99.0591,99.0177,98.9921,99.1275,98.8568,,1242,99.2906,99.4787,99.1024,99.2906,99.4787,99.1024
,1243,99.3631,99.3682,99.358,99.3507,99.3841,99.3172,,1243,99.0372,99.0579,99.0164,98.9907,99.1262,98.8552,,1243,99.2883,99.4775,99.0991,99.2883,99.4775,99.0991
,1244,99.3626,99.3677,99.3574,99.3501,99.3836,99.3165,,1244,99.0359,99.0567,99.0151,98.9892,99.1249,98.8536,,1244,99.2859,99.4763,99.0955,99.2859,99.4763,99.0955
,1245,99.362,99.3671,99.3569,99.3495,99.3831,99.3159,,1245,99.0347,99.0554,99.0139,98.9877,99.1235,98.8519,,1245,99.2833,99.4749,99.0918,99.2833,99.4749,99.0918
,1246,99.3615,99.3666,99.3564,99.3489,99.3825,99.3152,,1246,99.0334,99.0542,99.0126,98.9863,99.1222,98.8503,,1246,99.2807,99.4734,99.0879,99.2807,99.4734,99.0879
,1247,99.361,99.3661,99.3558,99.3483,99.382,99.3145,,1247,99.0321,99.053,99.0113,98.9848,99.1209,98.8487,,1247,99.2779,99.4719,99.0839,99.2779,99.4719,99.0839
,1248,99.3604,99.3656,99.3553,99.3477,99.3815,99.3139,,1248,99.0309,99.0517,99.01,98.9833,99.1195,98.8471,,1248,99.275,99.4703,99.0797,99.275,99.4703,99.0797
,1249,99.3599,99.365,99.3547,99.3471,99.3809,99.3132,,1249,99.0296,99.0504,99.0087,98.9818,99.1181,98.8454,,1249,99.2719,99.4685,99.0753,99.2719,99.4685,99.0753
,1250,99.3593,99.3645,99.3542,99.3465,99.3804,99.3125,,1250,99.0283,99.0492,99.0074,98.9803,99.1168,98.8438,,1250,99.2688,99.4667,99.0708,99.2688,99.4667,99.0708
,1251,99.3588,99.364,99.3536,99.3459,99.3799,99.3119,,1251,99.027,99.0479,99.0061,98.9788,99.1154,98.8422,,1251,99.2654,99.4648,99.0661,99.2654,99.4648,99.0661
,1252,99.3583,99.3635,99.3531,99.3452,99.3793,99.3112,,1252,99.0257,99.0466,99.0048,98.9773,99.114,98.8405,,1252,99.262,99.4628,99.0612,99.262,99.4628,99.0612
,1253,99.3577,99.3629,99.3525,99.3446,99.3788,99.3105,,1253,99.0244,99.0454,99.0035,98.9757,99.1127,98.8388,,1253,99.2584,99.4607,99.0562,99.2584,99.4607,99.0562
,1254,99.3572,99.3624,99.352,99.344,99.3782,99.3098,,1254,99.0231,99.0441,99.0021,98.9742,99.1113,98.8372,,1254,99.2547,99.4585,99.0509,99.2547,99.4585,99.0509
,1255,99.3566,99.3619,99.3514,99.3434,99.3777,99.3091,,1255,99.0218,99.0428,99.0008,98.9727,99.1099,98.8355,,1255,99.2509,99.4562,99.0455,99.2509,99.4562,99.0455
,1256,99.3561,99.3613,99.3509,99.3428,99.3771,99.3085,,1256,99.0205,99.0415,98.9995,98.9711,99.1085,98.8338,,1256,99.2469,99.4538,99.0399,99.2469,99.4538,99.0399
,1257,99.3555,99.3608,99.3503,99.3422,99.3766,99.3078,,1257,99.0192,99.0402,98.9981,98.9696,99.1071,98.8321,,1257,99.2427,99.4514,99.0341,99.2427,99.4514,99.0341
,1258,99.355,99.3602,99.3497,99.3416,99.376,99.3071,,1258,99.0178,99.0389,98.9968,98.9681,99.1057,98.8304,,1258,99.2385,99.4488,99.0281,99.2385,99.4488,99.0281
,1259,99.3544,99.3597,99.3492,99.3409,99.3755,99.3064,,1259,99.0165,99.0375,98.9954,98.9665,99.1043,98.8287,,1259,99.234,99.4461,99.022,99.234,99.4461,99.022
,1260,99.3539,99.3592,99.3486,99.3403,99.3749,99.3057,,1260,99.0151,99.0362,98.9941,98.9649,99.1028,98.827,,1260,99.2294,99.4433,99.0156,99.2294,99.4433,99.0156
,1261,99.3533,99.3586,99.3481,99.3397,99.3744,99.305,,1261,99.0138,99.0349,98.9927,98.9634,99.1014,98.8253,,1261,99.2247,99.4404,99.009,99.2247,99.4404,99.009
,1262,99.3528,99.3581,99.3475,99.3391,99.3738,99.3043,,1262,99.0124,99.0336,98.9913,98.9618,99.1,98.8236,,1262,99.2198,99.4374,99.0022,99.2198,99.4374,99.0022
,1263,99.3522,99.3575,99.3469,99.3384,99.3733,99.3036,,1263,99.0111,99.0322,98.9899,98.9602,99.0986,98.8218,,1263,99.2148,99.4343,98.9952,99.2148,99.4343,98.9952
,1264,99.3517,99.357,99.3464,99.3378,99.3727,99.3029,,1264,99.0097,99.0309,98.9886,98.9586,99.0971,98.8201,,1264,99.2096,99.4311,98.988,99.2096,99.4311,98.988
,1265,99.3511,99.3564,99.3458,99.3372,99.3721,99.3022,,1265,99.0083,99.0295,98.9872,98.957,99.0957,98.8184,,1265,99.2042,99.4278,98.9806,99.2042,99.4278,98.9806
,1266,99.3505,99.3559,99.3452,99.3366,99.3716,99.3015,,1266,99.007,99.0282,98.9858,98.9554,99.0942,98.8166,,1266,99.1987,99.4244,98.973,99.1987,99.4244,98.973
,1267,99.35,99.3553,99.3446,99.3359,99.371,99.3008,,1267,99.0056,99.0268,98.9844,98.9538,99.0927,98.8149,,1267,99.193,99.4208,98.9651,99.193,99.4208,98.9651
,1268,99.3494,99.3548,99.3441,99.3353,99.3704,99.3001,,1268,99.0042,99.0254,98.9829,98.9522,99.0913,98.8131,,1268,99.1871,99.4172,98.957,99.1871,99.4172,98.957
,1269,99.3488,99.3542,99.3435,99.3347,99.3699,99.2994,,1269,99.0028,99.0241,98.9815,98.9506,99.0898,98.8113,,1269,99.181,99.4134,98.9487,99.181,99.4134,98.9487
,1270,99.3483,99.3536,99.3429,99.334,99.3693,99.2987,,1270,99.0014,99.0227,98.9801,98.9489,99.0883,98.8095,,1270,99.1748,99.4095,98.9402,99.1748,99.4095,98.9402
,1271,99.3477,99.3531,99.3423,99.3334,99.3687,99.298,,1271,99,99.0213,98.9787,98.9473,99.0868,98.8078,,1271,99.1684,99.4055,98.9313,99.1684,99.4055,98.9313
,1272,99.3471,99.3525,99.3418,99.3327,99.3682,99.2973,,1272,98.9986,99.0199,98.9772,98.9457,99.0854,98.806,,1272,99.1618,99.4013,98.9223,99.1618,99.4013,98.9223
,1273,99.3466,99.352,99.3412,99.3321,99.3676,99.2966,,1273,98.9971,99.0185,98.9758,98.944,99.0839,98.8042,,1273,99.155,99.3971,98.913,99.155,99.3971,98.913
,1274,99.346,99.3514,99.3406,99.3314,99.367,99.2959,,1274,98.9957,99.0171,98.9744,98.9424,99.0824,98.8024,,1274,99.148,99.3927,98.9034,99.148,99.3927,98.9034
,1275,99.3454,99.3508,99.34,99.3308,99.3664,99.2952,,1275,98.9943,99.0157,98.9729,98.9407,99.0809,98.8006,,1275,99.1408,99.3881,98.8935,99.1408,99.3881,98.8935
,1276,99.3448,99.3503,99.3394,99.3302,99.3658,99.2945,,1276,98.9929,99.0143,98.9714,98.939,99.0793,98.7987,,1276,99.1335,99.3835,98.8834,99.1335,99.3835,98.8834
,1277,99.3443,99.3497,99.3388,99.3295,99.3653,99.2937,,1277,98.9914,99.0128,98.97,98.9374,99.0778,98.7969,,1277,99.1259,99.3787,98.873,99.1259,99.3787,98.873
,1278,99.3437,99.3491,99.3382,99.3289,99.3647,99.293,,1278,98.99,99.0114,98.9685,98.9357,99.0763,98.7951,,1278,99.1181,99.3738,98.8623,99.1181,99.3738,98.8623
,1279,99.3431,99.3486,99.3377,99.3282,99.3641,99.2923,,1279,98.9885,99.01,98.967,98.934,99.0748,98.7933,,1279,99.11,99.3687,98.8514,99.11,99.3687,98.8514
,1280,99.3425,99.348,99.3371,99.3275,99.3635,99.2916,,1280,98.987,99.0085,98.9656,98.9323,99.0732,98.7914,,1280,99.1018,99.3635,98.8401,99.1018,99.3635,98.8401
,1281,99.3419,99.3474,99.3365,99.3269,99.3629,99.2908,,1281,98.9856,99.0071,98.9641,98.9306,99.0717,98.7896,,1281,99.0933,99.3581,98.8285,99.0933,99.3581,98.8285
,1282,99.3414,99.3468,99.3359,99.3262,99.3623,99.2901,,1282,98.9841,99.0056,98.9626,98.9289,99.0701,98.7877,,1282,99.0846,99.3526,98.8166,99.0846,99.3526,98.8166
,1283,99.3408,99.3463,99.3353,99.3256,99.3618,99.2894,,1283,98.9826,99.0042,98.9611,98.9272,99.0686,98.7858,,1283,99.0757,99.3469,98.8044,99.0757,99.3469,98.8044
,1284,99.3402,99.3457,99.3347,99.3249,99.3612,99.2887,,1284,98.9811,99.0027,98.9596,98.9255,99.067,98.784,,1284,99.0665,99.3411,98.7918,99.0665,99.3411,98.7918
,1285,99.3396,99.3451,99.3341,99.3242,99.3606,99.2879,,1285,98.9797,99.0013,98.958,98.9238,99.0655,98.7821,,1285,99.057,99.3351,98.7789,99.057,99.3351,98.7789
,1286,99.339,99.3445,99.3335,99.3236,99.36,99.2872,,1286,98.9782,98.9998,98.9565,98.9221,99.0639,98.7802,,1286,99.0473,99.329,98.7657,99.0473,99.329,98.7657
,1287,99.3384,99.3439,99.3329,99.3229,99.3594,99.2864,,1287,98.9767,98.9983,98.955,98.9203,99.0623,98.7783,,1287,99.0374,99.3226,98.7521,99.0374,99.3226,98.7521
,1288,99.3378,99.3434,99.3323,99.3222,99.3588,99.2857,,1288,98.9751,98.9968,98.9535,98.9186,99.0607,98.7764,,1288,99.0271,99.3162,98.7381,99.0271,99.3162,98.7381
,1289,99.3372,99.3428,99.3317,99.3216,99.3582,99.285,,1289,98.9736,98.9953,98.9519,98.9168,99.0592,98.7745,,1289,99.0166,99.3095,98.7238,99.0166,99.3095,98.7238
,1290,99.3366,99.3422,99.331,99.3209,99.3576,99.2842,,1290,98.9721,98.9938,98.9504,98.9151,99.0576,98.7726,,1290,99.0058,99.3026,98.709,99.0058,99.3026,98.709
,1291,99.336,99.3416,99.3304,99.3202,99.357,99.2835,,1291,98.9706,98.9923,98.9488,98.9133,99.056,98.7707,,1291,98.9948,99.2956,98.6939,98.9948,99.2956,98.6939
,1292,99.3354,99.341,99.3298,99.3196,99.3564,99.2827,,1292,98.9691,98.9908,98.9473,98.9116,99.0544,98.7688,,1292,98.9834,99.2884,98.6784,98.9834,99.2884,98.6784
,1293,99.3348,99.3404,99.3292,99.3189,99.3558,99.282,,1293,98.9675,98.9893,98.9457,98.9098,99.0527,98.7668,,1293,98.9717,99.281,98.6624,98.9717,99.281,98.6624
,1294,99.3342,99.3398,99.3286,99.3182,99.3551,99.2812,,1294,98.966,98.9878,98.9442,98.908,99.0511,98.7649,,1294,98.9597,99.2734,98.646,98.9597,99.2734,98.646
,1295,99.3336,99.3392,99.328,99.3175,99.3545,99.2805,,1295,98.9644,98.9863,98.9426,98.9062,99.0495,98.763,,1295,98.9474,99.2655,98.6292,98.9474,99.2655,98.6292
,1296,99.333,99.3386,99.3274,99.3168,99.3539,99.2797,,1296,98.9629,98.9847,98.941,98.9044,99.0479,98.761,,1296,98.9347,99.2575,98.6119,98.9347,99.2575,98.6119
,1297,99.3324,99.338,99.3267,99.3161,99.3533,99.279,,1297,98.9613,98.9832,98.9394,98.9026,99.0462,98.759,,1297,98.9217,99.2493,98.5941,98.9217,99.2493,98.5941
,1298,99.3318,99.3374,99.3261,99.3155,99.3527,99.2782,,1298,98.9597,98.9816,98.9378,98.9008,99.0446,98.7571,,1298,98.9083,99.2408,98.5759,98.9083,99.2408,98.5759
,1299,99.3312,99.3368,99.3255,99.3148,99.3521,99.2775,,1299,98.9582,98.9801,98.9362,98.899,99.0429,98.7551,,1299,98.8946,99.2321,98.5571,98.8946,99.2321,98.5571
,1300,99.3305,99.3362,99.3249,99.3141,99.3515,99.2767,,1300,98.9566,98.9785,98.9346,98.8972,99.0413,98.7531,,1300,98.8805,99.2232,98.5379,98.8805,99.2232,98.5379
,1301,99.3299,99.3356,99.3242,99.3134,99.3508,99.2759,,1301,98.955,98.977,98.933,98.8954,99.0396,98.7512,,1301,98.866,99.214,98.5181,98.866,99.214,98.5181
,1302,99.3293,99.335,99.3236,99.3127,99.3502,99.2752,,1302,98.9534,98.9754,98.9314,98.8936,99.038,98.7492,,1302,98.8512,99.2046,98.4978,98.8512,99.2046,98.4978
,1303,99.3287,99.3344,99.323,99.312,99.3496,99.2744,,1303,98.9518,98.9738,98.9298,98.8917,99.0363,98.7472,,1303,98.8359,99.1949,98.4769,98.8359,99.1949,98.4769
,1304,99.3281,99.3338,99.3224,99.3113,99.349,99.2736,,1304,98.9502,98.9722,98.9282,98.8899,99.0346,98.7452,,1304,98.8202,99.185,98.4554,98.8202,99.185,98.4554
,1305,99.3274,99.3332,99.3217,99.3106,99.3483,99.2729,,1305,98.9486,98.9707,98.9265,98.888,99.0329,98.7431,,1305,98.8041,99.1748,98.4333,98.8041,99.1748,98.4333
,1306,99.3268,99.3326,99.3211,99.3099,99.3477,99.2721,,1306,98.947,98.9691,98.9249,98.8862,99.0312,98.7411,,1306,98.7875,99.1643,98.4107,98.7875,99.1643,98.4107
,1307,99.3262,99.3319,99.3205,99.3092,99.3471,99.2713,,1307,98.9454,98.9675,98.9233,98.8843,99.0296,98.7391,,1307,98.7705,99.1536,98.3873,98.7705,99.1536,98.3873
,1308,99.3256,99.3313,99.3198,99.3085,99.3465,99.2706,,1308,98.9437,98.9659,98.9216,98.8825,99.0279,98.7371,,1308,98.753,99.1425,98.3634,98.753,99.1425,98.3634
,1309,99.3249,99.3307,99.3192,99.3078,99.3458,99.2698,,1309,98.9421,98.9643,98.9199,98.8806,99.0261,98.735,,1309,98.735,99.1312,98.3387,98.735,99.1312,98.3387
,1310,99.3243,99.3301,99.3185,99.3071,99.3452,99.269,,1310,98.9405,98.9626,98.9183,98.8787,99.0244,98.733,,1310,98.7165,99.1195,98.3134,98.7165,99.1195,98.3134
,1311,99.3237,99.3295,99.3179,99.3064,99.3445,99.2682,,1311,98.9388,98.961,98.9166,98.8768,99.0227,98.7309,,1311,98.6975,99.1076,98.2873,98.6975,99.1076,98.2873
,1312,99.323,99.3288,99.3172,99.3057,99.3439,99.2674,,1312,98.9372,98.9594,98.9149,98.8749,99.021,98.7289,,1312,98.6779,99.0953,98.2605,98.6779,99.0953,98.2605
,1313,99.3224,99.3282,99.3166,99.305,99.3433,99.2666,,1313,98.9355,98.9578,98.9133,98.873,99.0193,98.7268,,1313,98.6578,99.0826,98.233,98.6578,99.0826,98.233
,1314,99.3218,99.3276,99.316,99.3042,99.3426,99.2659,,1314,98.9338,98.9561,98.9116,98.8711,99.0175,98.7247,,1314,98.6371,99.0696,98.2046,98.6371,99.0696,98.2046
,1315,99.3211,99.327,99.3153,99.3035,99.342,99.2651,,1315,98.9322,98.9545,98.9099,98.8692,99.0158,98.7227,,1315,98.6159,99.0563,98.1754,98.6159,99.0563,98.1754
,1316,99.3205,99.3263,99.3147,99.3028,99.3413,99.2643,,1316,98.9305,98.9528,98.9082,98.8673,99.014,98.7206,,1316,98.594,99.0426,98.1454,98.594,99.0426,98.1454
,1317,99.3199,99.3257,99.314,99.3021,99.3407,99.2635,,1317,98.9288,98.9512,98.9065,98.8654,99.0123,98.7185,,1317,98.5715,99.0285,98.1145,98.5715,99.0285,98.1145
,1318,99.3192,99.3251,99.3133,99.3014,99.34,99.2627,,1318,98.9271,98.9495,98.9048,98.8635,99.0105,98.7164,,1318,98.5483,99.014,98.0827,98.5483,99.014,98.0827
,1319,99.3186,99.3244,99.3127,99.3006,99.3394,99.2619,,1319,98.9254,98.9478,98.903,98.8615,99.0087,98.7143,,1319,98.5245,98.9991,98.05,98.5245,98.9991,98.05
,1320,99.3179,99.3238,99.312,99.2999,99.3387,99.2611,,1320,98.9237,98.9462,98.9013,98.8596,99.007,98.7122,,1320,98.5,98.9837,98.0163,98.5,98.9837,98.0163
,1321,99.3173,99.3232,99.3114,99.2992,99.3381,99.2603,,1321,98.922,98.9445,98.8996,98.8576,99.0052,98.7101,,1321,98.4748,98.968,97.9816,98.4748,98.968,97.9816
,1322,99.3166,99.3225,99.3107,99.2985,99.3374,99.2595,,1322,98.9203,98.9428,98.8979,98.8557,99.0034,98.7079,,1322,98.4488,98.9518,97.9458,98.4488,98.9518,97.9458
,1323,99.316,99.3219,99.3101,99.2977,99.3368,99.2587,,1323,98.9186,98.9411,98.8961,98.8537,99.0016,98.7058,,1323,98.422,98.9351,97.909,98.422,98.9351,97.909
,1324,99.3153,99.3212,99.3094,99.297,99.3361,99.2579,,1324,98.9169,98.9394,98.8944,98.8517,98.9998,98.7037,,1324,98.3945,98.9179,97.8711,98.3945,98.9179,97.8711
,1325,99.3147,99.3206,99.3087,99.2963,99.3354,99.2571,,1325,98.9152,98.9377,98.8926,98.8498,98.998,98.7015,,1325,98.3661,98.9003,97.832,98.3661,98.9003,97.832
,1326,99.314,99.3199,99.3081,99.2955,99.3348,99.2563,,1326,98.9134,98.936,98.8909,98.8478,98.9962,98.6994,,1326,98.3369,98.8821,97.7917,98.3369,98.8821,97.7917
,1327,99.3133,99.3193,99.3074,99.2948,99.3341,99.2555,,1327,98.9117,98.9343,98.8891,98.8458,98.9944,98.6972,,1327,98.3068,98.8634,97.7502,98.3068,98.8634,97.7502
,1328,99.3127,99.3186,99.3067,99.294,99.3334,99.2546,,1328,98.9099,98.9326,98.8873,98.8438,98.9926,98.695,,1328,98.2758,98.8442,97.7074,98.2758,98.8442,97.7074
,1329,99.312,99.318,99.306,99.2933,99.3328,99.2538,,1329,98.9082,98.9308,98.8855,98.8418,98.9907,98.6929,,1329,98.2438,98.8244,97.6633,98.2438,98.8244,97.6633
,1330,99.3113,99.3173,99.3054,99.2925,99.3321,99.253,,1330,98.9064,98.9291,98.8838,98.8398,98.9889,98.6907,,1330,98.2109,98.8039,97.6178,98.2109,98.8039,97.6178
,1331,99.3107,99.3167,99.3047,99.2918,99.3314,99.2522,,1331,98.9047,98.9274,98.882,98.8378,98.9871,98.6885,,1331,98.1769,98.7829,97.5708,98.1769,98.7829,97.5708
,1332,99.31,99.316,99.304,99.2911,99.3307,99.2514,,1332,98.9029,98.9256,98.8802,98.8358,98.9852,98.6863,,1332,98.1418,98.7613,97.5224,98.1418,98.7613,97.5224
,1333,99.3093,99.3154,99.3033,99.2903,99.3301,99.2505,,1333,98.9011,98.9239,98.8784,98.8337,98.9834,98.6841,,1333,98.1057,98.739,97.4725,98.1057,98.739,97.4725
,1334,99.3087,99.3147,99.3026,99.2896,99.3294,99.2497,,1334,98.8993,98.9221,98.8766,98.8317,98.9815,98.6819,,1334,98.0684,98.716,97.4209,98.0684,98.716,97.4209
,1335,99.308,99.314,99.302,99.2888,99.3287,99.2489,,1335,98.8975,98.9203,98.8748,98.8297,98.9796,98.6797,,1335,98.03,98.6923,97.3677,98.03,98.6923,97.3677
,1336,99.3073,99.3134,99.3013,99.288,99.328,99.2481,,1336,98.8957,98.9186,98.8729,98.8276,98.9778,98.6775,,1336,97.9903,98.6679,97.3128,97.9903,98.6679,97.3128
,1337,99.3067,99.3127,99.3006,99.2873,99.3273,99.2472,,1337,98.8939,98.9168,98.8711,98.8256,98.9759,98.6752,,1337,97.9494,98.6427,97.256,97.9494,98.6427,97.256
,1338,99.306,99.312,99.2999,99.2865,99.3267,99.2464,,1338,98.8921,98.915,98.8693,98.8235,98.974,98.673,,1338,97.9071,98.6168,97.1974,97.9071,98.6168,97.1974
,1339,99.3053,99.3114,99.2992,99.2858,99.326,99.2455,,1339,98.8903,98.9132,98.8674,98.8214,98.9721,98.6707,,1339,97.8635,98.59,97.1369,97.8635,98.59,97.1369
,1340,99.3046,99.3107,99.2985,99.285,99.3253,99.2447,,1340,98.8885,98.9114,98.8656,98.8194,98.9702,98.6685,,1340,97.8184,98.5624,97.0744,97.8184,98.5624,97.0744
,1341,99.3039,99.31,99.2978,99.2842,99.3246,99.2439,,1341,98.8867,98.9096,98.8637,98.8173,98.9683,98.6662,,1341,97.7718,98.5339,97.0098,97.7718,98.5339,97.0098
,1342,99.3032,99.3094,99.2971,99.2835,99.3239,99.243,,1342,98.8849,98.9078,98.8619,98.8152,98.9664,98.664,,1342,97.7237,98.5044,96.943,97.7237,98.5044,96.943
,1343,99.3026,99.3087,99.2964,99.2827,99.3232,99.2422,,1343,98.883,98.906,98.86,98.8131,98.9645,98.6617,,1343,97.674,98.4741,96.874,97.674,98.4741,96.874
,1344,99.3019,99.308,99.2957,99.2819,99.3225,99.2413,,1344,98.8812,98.9042,98.8581,98.811,98.9626,98.6594,,1344,97.6227,98.4427,96.8026,97.6227,98.4427,96.8026
,1345,99.3012,99.3073,99.295,99.2811,99.3218,99.2405,,1345,98.8793,98.9024,98.8563,98.8089,98.9606,98.6572,,1345,97.5696,98.4103,96.7288,97.5696,98.4103,96.7288
,1346,99.3005,99.3066,99.2943,99.2804,99.3211,99.2396,,1346,98.8775,98.9005,98.8544,98.8068,98.9587,98.6549,,1346,97.5147,98.3769,96.6525,97.5147,98.3769,96.6525
,1347,99.2998,99.306,99.2936,99.2796,99.3204,99.2388,,1347,98.8756,98.8987,98.8525,98.8047,98.9568,98.6526,,1347,97.4579,98.3423,96.5735,97.4579,98.3423,96.5735
,1348,99.2991,99.3053,99.2929,99.2788,99.3197,99.2379,,1348,98.8737,98.8969,98.8506,98.8025,98.9548,98.6503,,1348,97.3991,98.3066,96.4917,97.3991,98.3066,96.4917
,1349,99.2984,99.3046,99.2922,99.278,99.319,99.2371,,1349,98.8719,98.895,98.8487,98.8004,98.9529,98.648,,1349,97.3384,98.2696,96.4071,97.3384,98.2696,96.4071
,1350,99.2977,99.3039,99.2915,99.2772,99.3183,99.2362,,1350,98.87,98.8932,98.8468,98.7983,98.9509,98.6456,,1350,97.2755,98.2315,96.3195,97.2755,98.2315,96.3195
,1351,99.297,99.3032,99.2908,99.2765,99.3176,99.2354,,1351,98.8681,98.8913,98.8449,98.7961,98.9489,98.6433,,1351,97.2104,98.192,96.2288,97.2104,98.192,96.2288
,1352,99.2963,99.3025,99.2901,99.2757,99.3169,99.2345,,1352,98.8662,98.8894,98.843,98.794,98.947,98.641,,1352,97.143,98.1511,96.1349,97.143,98.1511,96.1349
,1353,99.2956,99.3018,99.2893,99.2749,99.3161,99.2336,,1353,98.8643,98.8876,98.841,98.7918,98.945,98.6387,,1353,97.0732,98.1088,96.0376,97.0732,98.1088,96.0376
,1354,99.2949,99.3011,99.2886,99.2741,99.3154,99.2328,,1354,98.8624,98.8857,98.8391,98.7897,98.943,98.6363,,1354,97.001,98.0651,95.9368,97.001,98.0651,95.9368
,1355,99.2942,99.3004,99.2879,99.2733,99.3147,99.2319,,1355,98.8605,98.8838,98.8372,98.7875,98.941,98.634,,1355,96.9261,98.0198,95.8324,96.9261,98.0198,95.8324
,1356,99.2935,99.2997,99.2872,99.2725,99.314,99.231,,1356,98.8586,98.8819,98.8352,98.7853,98.939,98.6316,,1356,96.8485,97.9728,95.7242,96.8485,97.9728,95.7242
,1357,99.2928,99.299,99.2865,99.2717,99.3133,99.2301,,1357,98.8567,98.88,98.8333,98.7831,98.937,98.6292,,1357,96.7681,97.9242,95.612,96.7681,97.9242,95.612
,1358,99.292,99.2983,99.2857,99.2709,99.3125,99.2293,,1358,98.8547,98.8781,98.8313,98.7809,98.935,98.6269,,1358,96.6848,97.8739,95.4957,96.6848,97.8739,95.4957
,1359,99.2913,99.2976,99.285,99.2701,99.3118,99.2284,,1359,98.8528,98.8762,98.8294,98.7787,98.933,98.6245,,1359,96.5984,97.8217,95.3751,96.5984,97.8217,95.3751
,1360,99.2906,99.2969,99.2843,99.2693,99.3111,99.2275,,1360,98.8508,98.8743,98.8274,98.7765,98.931,98.6221,,1360,96.5088,97.7676,95.25,96.5088,97.7676,95.25
,1361,99.2899,99.2962,99.2836,99.2685,99.3103,99.2266,,1361,98.8489,98.8724,98.8254,98.7743,98.9289,98.6197,,1361,96.4159,97.7114,95.1203,96.4159,97.7114,95.1203
,1362,99.2892,99.2955,99.2828,99.2677,99.3096,99.2258,,1362,98.8469,98.8704,98.8235,98.7721,98.9269,98.6173,,1362,96.3195,97.6532,94.9858,96.3195,97.6532,94.9858
,1363,99.2884,99.2948,99.2821,99.2669,99.3089,99.2249,,1363,98.845,98.8685,98.8215,98.7699,98.9249,98.6149,,1363,96.2195,97.5928,94.8461,96.2195,97.5928,94.8461
,1364,99.2877,99.2941,99.2814,99.2661,99.3081,99.224,,1364,98.843,98.8666,98.8195,98.7677,98.9228,98.6125,,1364,96.1157,97.5301,94.7013,96.1157,97.5301,94.7013
,1365,99.287,99.2934,99.2806,99.2652,99.3074,99.2231,,1365,98.8411,98.8646,98.8175,98.7654,98.9208,98.6101,,1365,96.008,97.465,94.551,96.008,97.465,94.551
,1366,99.2863,99.2926,99.2799,99.2644,99.3067,99.2222,,1366,98.8391,98.8627,98.8155,98.7632,98.9187,98.6077,,1366,95.8961,97.3973,94.395,95.8961,97.3973,94.395
,1367,99.2855,99.2919,99.2791,99.2636,99.3059,99.2213,,1367,98.8371,98.8607,98.8135,98.7609,98.9166,98.6052,,1367,95.78,97.3271,94.233,95.78,97.3271,94.233
,1368,99.2848,99.2912,99.2784,99.2628,99.3052,99.2204,,1368,98.8351,98.8588,98.8114,98.7587,98.9146,98.6028,,1368,95.6595,97.254,94.065,95.6595,97.254,94.065
,1369,99.2841,99.2905,99.2776,99.262,99.3044,99.2195,,1369,98.8331,98.8568,98.8094,98.7564,98.9125,98.6003,,1369,95.5343,97.1781,93.8905,95.5343,97.1781,93.8905
,1370,99.2833,99.2898,99.2769,99.2611,99.3037,99.2186,,1370,98.8311,98.8548,98.8074,98.7541,98.9104,98.5979,,1370,95.4043,97.0992,93.7094,95.4043,97.0992,93.7094
,1371,99.2826,99.289,99.2761,99.2603,99.3029,99.2177,,1371,98.8291,98.8528,98.8053,98.7519,98.9083,98.5954,,1371,95.2692,97.017,93.5215,95.2692,97.017,93.5215
,1372,99.2819,99.2883,99.2754,99.2595,99.3022,99.2168,,1372,98.8271,98.8508,98.8033,98.7496,98.9062,98.5929,,1372,95.129,96.9316,93.3264,95.129,96.9316,93.3264
,1373,99.2811,99.2876,99.2746,99.2587,99.3014,99.2159,,1373,98.8251,98.8488,98.8013,98.7473,98.9041,98.5905,,1373,94.9832,96.8426,93.1238,94.9832,96.8426,93.1238
,1374,99.2804,99.2868,99.2739,99.2578,99.3007,99.215,,1374,98.823,98.8468,98.7992,98.745,98.902,98.588,,1374,94.8318,96.75,92.9137,94.8318,96.75,92.9137
,1375,99.2796,99.2861,99.2731,99.257,99.2999,99.2141,,1375,98.821,98.8448,98.7971,98.7427,98.8999,98.5855,,1375,94.6745,96.6535,92.6956,94.6745,96.6535,92.6956
,1376,99.2789,99.2854,99.2724,99.2562,99.2991,99.2132,,1376,98.819,98.8428,98.7951,98.7404,98.8977,98.583,,1376,94.5111,96.553,92.4693,94.5111,96.553,92.4693
,1377,99.2781,99.2846,99.2716,99.2553,99.2984,99.2122,,1377,98.8169,98.8408,98.793,98.7381,98.8956,98.5805,,1377,94.3414,96.4482,92.2345,94.3414,96.4482,92.2345
,1378,99.2774,99.2839,99.2708,99.2545,99.2976,99.2113,,1378,98.8149,98.8388,98.7909,98.7357,98.8935,98.578,,1378,94.165,96.3389,91.9911,94.165,96.3389,91.9911
,1379,99.2766,99.2832,99.2701,99.2536,99.2969,99.2104,,1379,98.8128,98.8368,98.7888,98.7334,98.8913,98.5755,,1379,93.9818,96.225,91.7386,93.9818,96.225,91.7386
,1380,99.2759,99.2824,99.2693,99.2528,99.2961,99.2095,,1380,98.8107,98.8347,98.7867,98.7311,98.8892,98.573,,1380,93.7916,96.1061,91.477,93.7916,96.1061,91.477
,1381,99.2751,99.2817,99.2686,99.2519,99.2953,99.2086,,1381,98.8087,98.8327,98.7846,98.7287,98.887,98.5704,,1381,93.594,95.9821,91.2059,93.594,95.9821,91.2059
,1382,99.2743,99.2809,99.2678,99.2511,99.2945,99.2076,,1382,98.8066,98.8306,98.7825,98.7264,98.8849,98.5679,,1382,93.3889,95.8526,90.9252,93.3889,95.8526,90.9252
,1383,99.2736,99.2802,99.267,99.2502,99.2938,99.2067,,1383,98.8045,98.8286,98.7804,98.724,98.8827,98.5653,,1383,93.176,95.7174,90.6346,93.176,95.7174,90.6346
,1384,99.2728,99.2794,99.2662,99.2494,99.293,99.2058,,1384,98.8024,98.8265,98.7783,98.7217,98.8805,98.5628,,1384,92.955,95.5761,90.3339,92.955,95.5761,90.3339
,1385,99.2721,99.2787,99.2655,99.2485,99.2922,99.2048,,1385,98.8003,98.8244,98.7762,98.7193,98.8783,98.5602,,1385,92.7259,95.4285,90.0232,92.7259,95.4285,90.0232
,1386,99.2713,99.2779,99.2647,99.2477,99.2914,99.2039,,1386,98.7982,98.8224,98.7741,98.7169,98.8761,98.5577,,1386,92.4882,95.2743,89.7021,92.4882,95.2743,89.7021
,1387,99.2705,99.2772,99.2639,99.2468,99.2906,99.203,,1387,98.7961,98.8203,98.7719,98.7145,98.8739,98.5551,,1387,92.2419,95.1131,89.3707,92.2419,95.1131,89.3707
,1388,99.2698,99.2764,99.2631,99.2459,99.2899,99.202,,1388,98.794,98.8182,98.7698,98.7121,98.8717,98.5525,,1388,91.9867,94.9445,89.029,91.9867,94.9445,89.029
,1389,99.269,99.2756,99.2623,99.2451,99.2891,99.2011,,1389,98.7919,98.8161,98.7676,98.7097,98.8695,98.5499,,1389,91.7225,94.7681,88.6769,91.7225,94.7681,88.6769
,1390,99.2682,99.2749,99.2615,99.2442,99.2883,99.2002,,1390,98.7897,98.814,98.7655,98.7073,98.8673,98.5473,,1390,91.4492,94.5836,88.3147,91.4492,94.5836,88.3147
,1391,99.2674,99.2741,99.2608,99.2433,99.2875,99.1992,,1391,98.7876,98.8119,98.7633,98.7049,98.8651,98.5447,,1391,91.1665,94.3906,87.9425,91.1665,94.3906,87.9425
,1392,99.2667,99.2733,99.26,99.2425,99.2867,99.1983,,1392,98.7855,98.8098,98.7611,98.7025,98.8628,98.5421,,1392,90.8745,94.1886,87.5605,90.8745,94.1886,87.5605
,1393,99.2659,99.2726,99.2592,99.2416,99.2859,99.1973,,1393,98.7833,98.8077,98.759,98.7001,98.8606,98.5395,,1393,90.5731,93.9771,87.1692,90.5731,93.9771,87.1692
,1394,99.2654,99.2721,99.2587,99.241,99.2854,99.1967,,1394,98.7812,98.8055,98.7568,98.6976,98.8584,98.5369,,1394,90.2623,93.7557,86.7689,90.2623,93.7557,86.7689
,1395,99.265,99.2717,99.2583,99.2406,99.2849,99.1962,,1395,98.779,98.8034,98.7546,98.6952,98.8561,98.5343,,1395,89.9422,93.524,86.3603,89.9422,93.524,86.3603
,1396,99.2646,99.2713,99.2579,99.2401,99.2845,99.1958,,1396,98.7768,98.8013,98.7524,98.6927,98.8538,98.5316,,1396,89.6127,93.2814,85.9441,89.6127,93.2814,85.9441
,1397,99.2642,99.2709,99.2575,99.2397,99.2841,99.1953,,1397,98.7747,98.7991,98.7502,98.6903,98.8516,98.529,,1397,89.2742,93.0273,85.5211,89.2742,93.0273,85.5211
,1398,99.2638,99.2705,99.2571,99.2392,99.2836,99.1948,,1398,98.7725,98.797,98.748,98.6878,98.8493,98.5264,,1398,88.9268,92.7613,85.0923,88.9268,92.7613,85.0923
,1399,99.2634,99.2701,99.2567,99.2388,99.2832,99.1943,,1399,98.7703,98.7948,98.7458,98.6854,98.847,98.5237,,1399,88.5708,92.4829,84.6588,88.5708,92.4829,84.6588
,1400,99.263,99.2698,99.2563,99.2383,99.2828,99.1938,,1400,98.7681,98.7927,98.7436,98.6829,98.8447,98.521,,1400,88.2067,92.1914,84.2219,88.2067,92.1914,84.2219